    Soil_Type,Soil_pH,Soil_Moisture,Nitrogen_Level,Phosphorus_Level,Potassium_Level,Temperature,Humidity,Rainfall,Crop_Type,Recommended_Fertilizer
Loamy,8.35,53.1,153,25,58,39.55,44.53,2370.25,Cotton,DAP
Silt,5.86,36.36,108,47,107,38.43,73.34,709.32,Cotton,MOP
Sandy,8.0,10.54,115,78,79,15.03,40.78,696.76,Cotton,Zinc Sulphate
Sandy,7.49,29.64,118,67,28,26.04,77.27,1947.2,Cotton,MOP
Loamy,8.23,31.37,147,84,66,10.12,40.79,1733.06,Cotton,Zinc Sulphate
Loamy,5.68,52.49,153,81,29,18.35,89.2,2648.49,Cotton,MOP
Loamy,4.61,17.39,25,18,67,30.57,56.47,663.62,Cotton,Urea
Loamy,8.23,24.83,20,23,90,19.71,67.87,1104.87,Cotton,Urea
Clay,5.9,21.81,122,56,112,26.98,75.45,2748.92,Cotton,Compost
Loamy,8.2,25.82,127,71,102,32.59,81.46,428.69,Cotton,Zinc Sulphate
Sandy,7.69,20.58,26,57,91,34.21,31.46,1087.11,Cotton,Urea
Silt,4.87,58.97,84,76,86,26.17,32.92,1351.47,Cotton,Compost
Sandy,7.23,41.04,148,50,98,12.33,69.01,557.53,Cotton,Zinc Sulphate
Loamy,6.18,38.49,115,20,108,37.67,79.31,1298.14,Cotton,DAP
Silt,7.05,17.01,67,24,98,31.84,37.4,627.65,Cotton,DAP
Silt,4.76,46.24,24,41,102,27.08,76.89,638.9,Cotton,Urea
Loamy,6.27,10.96,119,73,103,26.91,56.69,838.82,Cotton,Compost
Silt,5.64,51.11,53,65,115,35.18,36.43,2962.44,Cotton,Urea
Sandy,5.78,49.55,26,79,103,16.72,85.81,2411.94,Cotton,Urea
Sandy,6.57,43.59,155,26,61,25.93,32.92,612.94,Cotton,DAP
Silt,6.3,44.05,52,35,64,38.82,45.95,2474.66,Cotton,Urea
Sandy,8.23,47.48,45,70,104,33.61,76.22,303.38,Cotton,Urea
Sandy,6.9,26.39,124,72,13,35.2,47.14,2669.47,Cotton,MOP
Clay,8.12,36.78,90,10,115,33.53,49.07,314.95,Cotton,DAP
Sandy,7.06,36.74,141,50,65,16.61,56.55,1993.33,Cotton,Compost
Sandy,6.09,44.66,98,12,37,22.92,42.75,2777.12,Cotton,DAP
Clay,8.37,22.59,104,26,112,31.74,35.44,603.53,Cotton,DAP
Sandy,5.82,40.15,70,38,95,38.31,59.52,1654.49,Cotton,DAP
Silt,6.04,25.34,133,13,36,30.03,64.79,2362.51,Cotton,DAP
Loamy,4.98,23.43,51,41,35,27.44,82.97,1005.94,Cotton,Urea
Clay,8.25,37.61,70,71,107,18.3,83.4,2878.36,Cotton,Zinc Sulphate
Clay,5.84,28.27,114,53,19,12.98,82.46,431.39,Cotton,MOP
Sandy,8.28,32.8,48,15,49,11.32,38.92,1448.68,Cotton,Urea
Clay,5.0,55.94,150,66,104,20.44,79.06,1463.51,Cotton,Compost
Loamy,8.0,12.92,66,35,36,16.76,89.25,1091.4,Cotton,DAP
Sandy,5.27,44.21,49,85,74,17.79,88.82,899.91,Cotton,Urea
Clay,8.38,13.9,133,46,73,12.92,32.36,250.58,Cotton,Zinc Sulphate
Sandy,8.26,57.64,126,45,107,13.51,83.39,2532.72,Cotton,Zinc Sulphate
Silt,7.14,16.07,95,72,20,35.61,78.24,1733.63,Cotton,MOP
Loamy,5.1,36.53,73,22,69,16.05,87.22,2232.1,Cotton,DAP
Silt,8.11,43.64,151,80,112,11.59,36.15,1094.59,Cotton,Zinc Sulphate
Sandy,5.31,52.48,81,50,51,36.51,82.09,2012.74,Cotton,Compost
Loamy,8.38,56.41,41,81,60,31.87,60.07,1179.16,Cotton,Urea
Sandy,5.36,35.55,60,61,20,36.1,80.11,335.54,Cotton,MOP
Sandy,6.06,48.38,39,15,36,11.75,54.59,2918.18,Cotton,Urea
Loamy,7.95,56.03,61,14,95,25.46,30.74,1968.46,Cotton,DAP
Clay,7.02,39.45,134,65,50,21.2,57.5,1388.61,Cotton,SSP
Sandy,4.66,51.47,49,83,38,15.31,52.04,2033.2,Cotton,Urea
Sandy,5.32,19.55,90,35,27,16.85,81.13,2998.86,Cotton,DAP
Loamy,4.9,24.97,122,85,101,23.34,71.45,1418.36,Cotton,Compost
Clay,6.81,44.48,154,53,74,17.45,74.56,827.61,Cotton,NPK
Loamy,5.54,50.86,106,36,32,25.32,63.1,1764.95,Cotton,DAP
Clay,7.53,48.07,94,57,62,17.89,82.13,2486.91,Cotton,NPK
Clay,6.32,26.39,58,87,80,17.3,57.03,346.42,Cotton,Urea
Clay,4.8,28.71,103,39,85,22.81,85.25,2962.19,Cotton,DAP
Sandy,5.73,40.63,28,79,81,16.91,39.35,530.73,Cotton,Urea
Silt,6.29,36.82,21,87,93,10.87,85.57,2160.94,Cotton,Urea
Clay,7.57,39.94,44,55,53,39.86,32.05,2085.52,Cotton,Urea
Silt,6.36,17.72,55,41,99,39.72,68.46,397.97,Cotton,Urea
Sandy,5.77,24.69,100,42,31,32.67,61.29,517.95,Cotton,MOP
Silt,8.02,38.91,141,85,92,15.05,72.02,2969.85,Cotton,Zinc Sulphate
Clay,4.54,46.75,75,85,108,22.62,30.14,1679.29,Cotton,Compost
Sandy,8.4,50.13,91,19,34,29.55,34.94,2065.5,Cotton,DAP
Sandy,5.08,59.9,95,35,95,27.26,55.65,2830.76,Cotton,DAP
Sandy,5.28,35.22,57,36,74,37.0,75.54,2529.72,Cotton,Urea
Loamy,5.83,42.53,115,25,65,38.41,70.57,1604.25,Cotton,DAP
Sandy,6.64,19.29,66,80,35,16.55,37.34,2967.5,Cotton,MOP
Clay,7.88,27.15,70,57,22,35.86,51.24,873.04,Cotton,MOP
Clay,5.65,54.8,136,49,65,23.65,63.81,2434.62,Cotton,Compost
Silt,6.76,36.31,96,11,103,30.1,30.64,1054.18,Cotton,DAP
Sandy,8.35,59.86,56,19,27,27.85,67.12,2535.17,Cotton,Urea
Sandy,4.58,40.57,43,25,35,37.75,64.12,2241.25,Cotton,Urea
Sandy,4.71,13.87,22,34,17,28.94,72.27,2874.52,Cotton,Urea
Silt,6.87,27.99,131,80,97,22.8,31.74,1959.19,Cotton,SSP
Clay,4.66,23.23,88,34,16,33.16,33.3,1706.81,Cotton,DAP
Loamy,4.9,35.56,150,22,83,24.0,37.34,846.62,Cotton,DAP
Silt,8.24,57.71,132,65,111,37.32,72.97,246.48,Cotton,Zinc Sulphate
Loamy,8.27,51.03,123,63,112,17.12,47.56,2946.98,Cotton,Zinc Sulphate
Clay,6.98,55.89,150,39,48,30.9,81.27,2475.19,Cotton,DAP
Clay,6.1,48.45,98,28,66,33.75,30.18,609.88,Cotton,DAP
Loamy,6.2,22.93,77,36,72,32.57,79.51,1757.89,Cotton,DAP
Sandy,8.34,18.45,141,60,106,28.59,76.16,895.68,Cotton,Zinc Sulphate
Loamy,5.69,10.65,122,42,32,24.7,71.81,433.86,Cotton,MOP
Loamy,5.01,46.05,88,27,37,34.0,56.63,2072.69,Cotton,DAP
Clay,6.71,20.19,128,16,118,10.21,84.3,2597.77,Cotton,DAP
Loamy,8.23,39.57,151,71,96,21.44,45.11,2507.13,Cotton,Zinc Sulphate
Clay,4.93,30.79,85,44,12,11.13,78.85,2518.77,Cotton,MOP
Loamy,7.48,58.51,23,22,42,13.3,51.35,2442.75,Cotton,Urea
Clay,7.63,48.99,23,12,70,17.06,33.7,1839.21,Cotton,Urea
Clay,5.55,44.11,127,21,59,18.69,47.64,2883.38,Cotton,DAP
Loamy,5.21,35.2,30,20,104,15.22,75.83,1590.29,Cotton,Urea
Clay,4.76,56.39,135,21,20,18.02,45.74,2744.42,Cotton,DAP
Sandy,6.78,33.33,57,65,50,33.58,48.83,2214.78,Cotton,Urea
Loamy,6.96,15.02,125,11,63,36.07,63.0,1005.03,Cotton,DAP
Loamy,7.22,26.43,102,75,70,39.33,86.34,539.86,Cotton,MOP
Clay,5.36,14.21,106,13,85,34.27,53.82,2436.09,Cotton,DAP
Silt,4.7,11.83,149,36,89,19.9,45.03,640.16,Cotton,DAP
Silt,6.14,39.05,128,22,50,29.52,57.66,1944.75,Cotton,DAP
Loamy,5.11,40.48,83,14,99,23.51,59.32,870.67,Cotton,DAP
Sandy,6.44,16.94,128,56,50,22.54,89.4,1236.99,Cotton,Zinc Sulphate
Sandy,6.66,45.86,61,52,19,10.52,40.86,1774.63,Cotton,MOP
Clay,5.3,25.1,63,19,13,13.65,70.81,939.3,Cotton,DAP
Loamy,6.76,59.57,55,34,62,15.07,78.84,738.62,Cotton,Urea
Silt,5.37,18.61,40,24,99,36.05,84.73,234.98,Cotton,Urea
Loamy,7.14,44.89,72,74,58,10.75,60.56,2067.73,Cotton,Compost
Silt,6.52,35.09,118,39,83,32.81,66.39,2289.62,Cotton,DAP
Clay,6.22,51.45,29,39,60,15.51,79.1,1853.18,Cotton,Urea
Loamy,4.66,58.25,54,70,113,38.3,30.66,2379.57,Cotton,Urea
Sandy,7.12,56.13,128,44,119,37.78,64.87,909.59,Cotton,DAP
Silt,4.56,49.39,94,55,116,13.63,35.42,820.48,Cotton,Compost
Silt,7.34,39.34,127,58,67,36.83,73.89,2399.63,Cotton,Compost
Silt,7.44,35.4,130,57,46,28.45,41.77,2496.72,Cotton,Compost
Sandy,8.18,57.39,118,27,15,35.75,66.33,2080.01,Cotton,DAP
Clay,6.38,28.56,83,19,21,14.11,78.03,958.77,Cotton,DAP
Loamy,4.53,50.7,57,70,46,11.32,63.15,2271.7,Cotton,Urea
Loamy,7.28,55.39,118,86,114,19.18,38.21,1104.61,Cotton,NPK
Clay,6.55,52.81,87,57,44,32.24,71.95,1123.17,Cotton,SSP
Loamy,7.89,30.48,40,80,107,11.68,32.69,1781.74,Cotton,Urea
Sandy,6.26,42.38,96,49,32,34.28,55.26,221.6,Cotton,MOP
Sandy,6.64,57.45,85,18,80,29.01,71.5,2138.66,Cotton,DAP
Loamy,6.44,15.97,112,13,42,12.03,46.52,2296.49,Cotton,DAP
Silt,6.15,32.21,129,82,116,14.6,64.41,671.51,Cotton,MOP
Clay,4.93,53.13,93,64,111,20.97,86.11,2816.13,Cotton,Compost
Sandy,7.16,35.39,115,25,28,22.93,30.97,2715.53,Cotton,DAP
Silt,4.9,14.65,59,38,65,32.19,58.38,2415.31,Cotton,Urea
Loamy,5.23,51.8,92,65,42,31.17,83.77,1111.86,Cotton,Compost
Loamy,6.8,12.49,139,19,98,25.42,86.54,1909.74,Cotton,DAP
Clay,6.71,46.29,21,85,91,26.59,80.28,2053.8,Cotton,Urea
Silt,6.38,24.65,151,11,37,18.99,87.44,793.65,Cotton,DAP
Loamy,6.04,14.48,129,79,16,12.72,43.0,1923.62,Cotton,MOP
Loamy,7.53,17.89,140,35,90,34.47,68.94,1147.42,Cotton,DAP
Loamy,6.16,58.28,157,57,16,27.34,32.83,1576.29,Cotton,MOP
Silt,7.98,32.76,49,52,10,38.05,70.83,1715.89,Cotton,Urea
Silt,5.76,13.68,80,71,19,22.26,30.36,556.82,Cotton,MOP
Sandy,8.29,25.61,45,43,39,31.45,71.26,935.75,Cotton,Urea
Clay,5.48,15.16,34,67,96,21.35,77.31,608.96,Cotton,Urea
Loamy,6.32,21.3,53,15,65,18.18,85.95,351.07,Cotton,Urea
Sandy,6.46,12.93,85,83,87,11.02,33.37,2399.22,Cotton,Zinc Sulphate
Silt,6.52,48.29,28,52,74,36.88,33.39,2068.04,Cotton,Urea
Clay,7.21,20.1,80,66,72,20.44,81.89,273.59,Cotton,Zinc Sulphate
Sandy,8.27,23.55,117,56,51,26.64,30.18,2022.32,Cotton,Zinc Sulphate
Loamy,5.17,59.64,140,48,95,34.65,30.79,312.79,Cotton,Compost
Silt,5.87,17.05,110,38,58,12.51,85.21,761.67,Cotton,DAP
Loamy,8.17,18.45,51,43,76,14.35,51.7,498.41,Cotton,Urea
Sandy,5.58,55.02,27,32,96,39.19,35.25,1051.9,Cotton,Urea
Clay,7.37,17.28,54,50,79,20.01,33.5,2854.18,Cotton,Urea
Sandy,7.86,36.8,66,11,75,16.33,77.56,2635.34,Cotton,DAP
Sandy,7.65,51.64,87,54,50,30.49,68.9,672.99,Cotton,SSP
Clay,7.49,17.84,22,42,85,18.63,71.39,2975.44,Cotton,Urea
Silt,6.56,28.66,37,30,113,19.16,76.64,668.2,Cotton,Urea
Loamy,5.9,19.04,149,18,27,16.86,35.78,2192.95,Cotton,DAP
Loamy,7.69,35.91,78,68,106,32.66,34.42,2899.79,Cotton,Zinc Sulphate
Clay,8.25,14.07,114,81,118,30.19,79.62,2533.07,Cotton,Zinc Sulphate
Silt,5.83,33.42,21,39,85,38.08,64.87,2107.76,Cotton,Urea
Silt,5.53,51.2,143,81,24,32.42,69.65,2640.16,Cotton,MOP
Silt,6.55,55.34,41,44,106,29.64,67.19,1816.31,Cotton,Urea
Loamy,5.15,44.39,40,12,30,20.44,67.39,1787.76,Cotton,Urea
Sandy,5.82,23.21,124,35,92,32.77,35.95,2499.67,Cotton,DAP
Sandy,6.25,40.44,139,67,113,11.25,40.81,1840.81,Cotton,NPK
Silt,5.59,25.31,150,43,39,15.4,34.0,2932.25,Cotton,MOP
Sandy,6.67,24.74,111,13,77,24.85,77.38,2721.43,Cotton,DAP
Clay,6.55,11.14,65,37,47,14.56,60.04,1356.71,Cotton,DAP
Sandy,5.09,32.0,57,32,26,26.45,79.57,1809.69,Cotton,Urea
Loamy,6.48,56.09,155,25,59,13.39,51.9,1651.29,Cotton,DAP
Loamy,6.12,58.4,111,39,76,29.78,52.23,304.49,Cotton,DAP
Silt,6.47,18.19,89,72,38,10.13,39.9,383.82,Cotton,MOP
Sandy,7.86,37.19,107,29,19,26.54,63.06,574.67,Cotton,DAP
Silt,5.41,23.75,64,38,49,28.96,35.58,1430.77,Cotton,DAP
Loamy,4.97,10.14,133,83,119,36.91,64.37,2943.32,Cotton,Compost
Clay,8.21,51.18,127,25,83,25.89,45.03,572.1,Cotton,DAP
Silt,5.59,15.21,41,87,38,19.49,42.74,1575.62,Cotton,Urea
Loamy,4.64,30.07,134,73,27,35.69,73.61,2294.09,Cotton,MOP
Clay,7.6,32.63,73,34,86,33.39,73.69,2604.11,Cotton,DAP
Silt,6.05,44.42,23,66,35,22.72,30.81,1778.69,Cotton,Urea
Clay,5.16,47.45,142,69,44,17.64,89.98,2087.65,Cotton,Compost
Clay,6.55,47.09,114,36,30,30.17,53.94,531.65,Cotton,DAP
Loamy,7.36,22.35,64,86,108,25.24,36.37,1874.4,Cotton,Urea
Sandy,7.18,41.69,129,25,12,17.72,66.04,1387.27,Cotton,DAP
Sandy,6.13,12.21,24,85,97,21.09,38.69,636.93,Cotton,Urea
Sandy,4.7,11.91,151,19,116,17.68,86.85,2632.71,Cotton,DAP
Loamy,6.28,35.92,134,26,45,17.12,49.19,2182.94,Cotton,DAP
Silt,5.15,34.12,52,56,77,33.29,83.18,1296.16,Cotton,Urea
Silt,5.19,46.84,150,80,65,39.75,46.15,1902.63,Cotton,Compost
Clay,7.4,32.17,79,65,44,22.38,33.99,2047.63,Cotton,SSP
Clay,5.1,13.83,59,60,54,16.98,61.88,1849.66,Cotton,Urea
Sandy,7.91,53.34,52,57,37,25.88,58.54,298.9,Cotton,Urea
Clay,7.08,31.46,124,66,48,37.63,66.06,1140.3,Cotton,Zinc Sulphate
Loamy,6.54,56.12,75,27,15,32.38,68.27,1202.3,Cotton,DAP
Sandy,6.39,14.34,78,24,27,37.24,51.81,2846.84,Cotton,DAP
Clay,8.22,27.13,58,68,21,30.7,58.43,2197.88,Cotton,Urea
Sandy,6.19,44.87,128,56,29,22.26,33.47,2317.72,Cotton,MOP
Sandy,7.36,36.09,40,33,106,32.11,45.0,1151.55,Cotton,Urea
Silt,7.03,52.81,59,70,35,30.31,45.05,2541.43,Cotton,Urea
Clay,7.77,55.73,42,64,31,33.96,34.52,2250.46,Cotton,Urea
Sandy,6.16,48.9,89,29,44,25.9,41.4,1547.13,Cotton,DAP
Sandy,4.9,17.41,128,16,75,35.17,51.04,2419.69,Cotton,DAP
Sandy,5.41,43.51,121,35,32,34.74,66.77,1009.67,Cotton,DAP
Silt,6.23,31.6,141,28,37,24.42,42.82,2438.42,Cotton,DAP
Sandy,7.47,44.35,59,41,90,31.93,59.82,804.95,Cotton,Urea
Silt,6.49,16.77,92,35,50,22.69,74.32,900.93,Cotton,DAP
Silt,8.35,22.24,90,75,109,15.29,84.26,2868.98,Cotton,Zinc Sulphate
Loamy,8.31,52.78,132,23,110,14.72,78.86,2531.98,Cotton,DAP
Loamy,6.43,35.2,93,47,89,23.58,63.91,604.91,Cotton,DAP
Clay,6.93,31.6,29,13,75,14.84,46.27,579.25,Cotton,Urea
Clay,7.52,35.49,28,33,111,19.11,68.28,1652.89,Cotton,Urea
Sandy,6.33,35.18,55,28,42,33.51,89.92,883.72,Cotton,Urea
Silt,4.73,49.87,97,27,91,38.91,57.71,1093.19,Cotton,DAP
Clay,7.59,46.25,147,68,17,21.42,41.72,1862.23,Cotton,MOP
Clay,8.28,32.44,29,87,109,17.36,84.85,2499.58,Cotton,Urea
Loamy,4.58,28.0,71,43,48,37.85,39.61,1485.5,Cotton,Compost
Sandy,4.54,43.57,29,52,40,22.17,57.0,1237.15,Cotton,Urea
Loamy,5.45,40.39,47,71,100,28.71,43.75,428.06,Cotton,Urea
Clay,5.1,55.25,47,72,56,10.69,79.7,457.91,Cotton,Urea
Loamy,7.65,41.81,74,15,83,26.44,77.71,1050.2,Cotton,DAP
Silt,8.18,54.19,66,51,37,30.1,70.41,1360.66,Cotton,MOP
Sandy,5.56,22.71,83,24,84,35.12,42.18,541.88,Cotton,DAP
Sandy,5.18,37.3,39,38,41,13.38,47.36,1489.95,Cotton,Urea
Clay,6.63,13.58,35,23,93,27.73,40.05,655.59,Cotton,Urea
Clay,7.27,15.09,143,88,100,39.99,87.16,421.81,Cotton,DAP
Loamy,7.64,12.81,115,60,60,11.15,74.06,2994.36,Cotton,MOP
Sandy,4.71,56.87,53,28,83,24.04,52.88,1015.43,Cotton,Urea
Loamy,7.65,56.63,47,24,118,38.06,39.87,1783.18,Cotton,Urea
Clay,8.16,56.6,108,44,106,29.16,41.26,1942.47,Cotton,Zinc Sulphate
Loamy,7.73,13.44,126,21,55,20.23,36.38,2826.12,Cotton,DAP
Sandy,4.51,33.25,44,57,27,21.58,89.33,368.59,Cotton,Urea
Clay,7.66,49.14,42,66,17,19.36,78.78,2092.22,Cotton,Urea
Loamy,6.68,59.29,159,61,52,30.13,83.79,2386.73,Cotton,Urea
Clay,5.26,44.72,157,76,18,29.04,86.12,380.87,Cotton,MOP
Loamy,7.81,51.61,42,23,37,20.82,51.86,1793.89,Cotton,Urea
Clay,4.52,37.27,30,35,91,25.88,89.48,883.54,Cotton,Urea
Sandy,8.08,31.97,131,34,87,16.94,44.46,2729.6,Cotton,DAP
Silt,6.63,48.9,75,51,16,11.89,44.82,2870.3,Cotton,MOP
Silt,4.59,56.97,129,32,110,35.38,89.22,2387.86,Cotton,DAP
Loamy,8.37,26.87,36,35,53,10.64,57.91,533.99,Cotton,Urea
Silt,5.02,40.42,25,79,118,29.04,85.35,387.71,Cotton,Urea
Loamy,5.22,41.2,134,80,29,24.95,70.91,2753.6,Cotton,MOP
Loamy,5.88,39.37,82,21,78,38.51,85.49,2723.48,Cotton,DAP
Sandy,5.36,19.93,69,84,106,34.37,63.98,265.11,Cotton,Compost
Clay,8.02,34.46,48,76,105,27.25,60.48,1513.67,Cotton,Urea
Sandy,6.37,26.6,28,59,89,36.87,69.72,771.65,Cotton,Urea
Clay,4.59,36.9,80,13,40,30.32,36.04,2594.08,Cotton,DAP
Silt,5.18,35.84,26,24,18,18.18,82.59,608.27,Cotton,Urea
Silt,7.63,15.61,133,73,79,33.78,48.2,2494.65,Cotton,NPK
Sandy,5.64,17.94,88,53,42,16.24,64.06,2509.67,Cotton,Urea
Loamy,6.3,52.23,45,36,108,20.74,31.63,1804.2,Cotton,Urea
Loamy,8.4,53.7,125,40,62,16.04,54.38,921.22,Cotton,Zinc Sulphate
Sandy,7.13,49.77,24,84,66,27.53,58.72,391.3,Cotton,Urea
Sandy,8.43,47.29,78,79,72,19.13,81.18,1700.46,Cotton,Zinc Sulphate
Clay,5.43,36.14,111,13,62,16.64,86.72,1611.1,Cotton,DAP
Clay,5.5,56.41,31,53,46,10.83,79.31,2024.19,Cotton,Urea
Sandy,6.72,46.28,130,45,46,10.62,82.67,2673.83,Cotton,NPK
Clay,5.9,37.27,32,32,81,35.27,46.6,1608.17,Cotton,Urea
Clay,4.79,41.33,157,13,14,32.84,30.55,637.52,Cotton,DAP
Sandy,6.46,28.6,110,69,96,38.17,38.39,1635.24,Cotton,NPK
Silt,5.84,16.67,132,58,90,36.73,86.81,1792.32,Cotton,Urea
Clay,6.17,11.69,44,53,112,17.58,78.78,511.0,Cotton,Urea
Sandy,5.87,17.77,34,77,51,18.79,34.63,2215.01,Cotton,Urea
Silt,7.36,24.27,24,70,75,39.76,46.03,2929.03,Cotton,Urea
Clay,5.11,50.23,25,66,103,35.17,50.57,1680.72,Cotton,Urea
Loamy,5.15,13.22,28,37,10,39.19,74.85,2889.75,Cotton,Urea
Loamy,5.17,42.69,69,34,118,35.37,40.49,470.31,Cotton,DAP
Silt,6.22,26.55,129,13,75,35.82,49.33,371.21,Cotton,DAP
Silt,7.73,31.08,144,23,81,38.17,87.21,2193.89,Cotton,DAP
Silt,5.85,43.01,83,46,55,19.6,86.33,1469.55,Cotton,NPK
Clay,6.32,21.69,100,17,11,33.47,68.46,1244.15,Cotton,DAP
Clay,5.59,17.29,102,42,58,27.81,51.74,1213.03,Cotton,Urea
Silt,8.12,38.62,127,47,32,33.61,77.76,293.65,Cotton,MOP
Silt,5.72,36.02,26,71,117,11.45,63.69,2901.3,Cotton,Urea
Loamy,6.86,49.65,154,52,15,17.2,55.78,2031.04,Cotton,MOP
Clay,7.92,45.35,43,69,16,24.64,65.23,836.7,Cotton,Urea
Silt,5.69,42.73,66,38,100,15.98,37.65,1853.45,Cotton,DAP
Silt,6.21,35.39,114,33,21,34.0,43.63,1373.51,Cotton,DAP
Clay,4.72,31.38,49,81,78,34.79,55.22,1038.16,Cotton,Urea
Sandy,6.55,32.22,97,54,90,34.58,73.42,356.92,Cotton,Compost
Silt,6.12,28.09,68,77,13,20.28,75.19,2761.64,Cotton,MOP
Sandy,5.03,53.32,64,32,75,34.92,89.1,1847.32,Cotton,DAP
Clay,6.78,59.73,69,53,21,23.85,75.31,1101.89,Cotton,MOP
Sandy,6.47,45.21,93,66,23,26.43,65.53,1909.26,Cotton,MOP
Loamy,7.71,11.05,60,19,82,15.83,40.72,226.37,Cotton,DAP
Silt,5.51,18.12,47,78,106,30.0,36.26,833.78,Cotton,Urea
Silt,6.09,16.21,134,88,72,20.29,53.77,2732.89,Cotton,Zinc Sulphate
Sandy,8.44,26.52,88,27,91,13.93,66.98,2315.57,Cotton,DAP
Silt,6.27,13.12,133,56,31,10.28,33.39,1829.81,Cotton,MOP
Silt,6.86,11.26,20,60,90,28.65,49.63,464.53,Cotton,Urea
Sandy,7.51,19.53,120,72,34,27.02,70.12,1619.37,Cotton,MOP
Silt,7.84,46.85,60,21,70,12.31,86.06,780.14,Cotton,DAP
Clay,5.91,51.08,40,12,64,23.97,54.35,2517.59,Cotton,Urea
Loamy,7.44,48.68,145,46,71,12.41,36.17,1137.05,Cotton,Zinc Sulphate
Clay,4.52,24.59,110,79,104,25.85,36.46,2987.41,Cotton,Compost
Loamy,5.08,27.71,109,32,51,19.88,45.09,733.74,Cotton,DAP
Clay,5.89,36.72,121,89,25,36.69,59.82,283.83,Cotton,MOP
Silt,7.65,25.41,62,67,86,17.91,59.55,2118.39,Cotton,SSP
Sandy,5.36,15.29,153,89,24,13.07,38.1,2114.03,Cotton,MOP
Loamy,7.88,32.16,33,65,70,25.7,87.06,1033.14,Cotton,Urea
Sandy,4.94,49.91,63,17,39,24.06,63.51,2252.96,Cotton,DAP
Silt,7.37,52.43,67,77,115,14.34,76.45,1582.7,Cotton,Zinc Sulphate
Silt,6.11,34.09,113,64,112,16.98,62.63,786.93,Cotton,Compost
Clay,4.64,20.51,109,62,59,36.68,53.62,1960.18,Cotton,Compost
Silt,5.18,20.9,143,88,54,24.52,64.3,1712.77,Cotton,Compost
Silt,5.82,34.97,28,65,114,38.83,51.85,654.08,Cotton,Urea
Sandy,6.98,45.54,35,44,33,34.15,85.59,1675.99,Maize,Urea
Clay,6.19,59.43,57,22,107,10.54,74.93,2936.79,Maize,Urea
Sandy,4.99,43.12,64,11,24,12.89,63.89,1157.38,Maize,DAP
Silt,6.22,42.23,156,68,48,20.22,46.7,2554.82,Maize,Urea
Clay,7.92,53.15,135,14,103,20.96,84.74,1510.36,Maize,DAP
Loamy,4.58,42.35,118,61,62,39.33,82.41,1098.91,Maize,Compost
Loamy,4.81,10.02,64,39,116,13.25,74.16,2208.9,Maize,DAP
Silt,5.42,48.65,144,46,55,34.45,41.0,1941.38,Maize,Compost
Silt,4.87,28.25,42,40,42,33.13,76.3,1324.89,Maize,Urea
Silt,5.08,42.14,152,47,58,30.3,32.34,247.6,Maize,Compost
Silt,5.19,46.05,139,45,113,33.94,55.03,1058.19,Maize,Compost
Silt,8.24,46.47,77,85,97,13.43,60.32,1565.44,Maize,Zinc Sulphate
Silt,5.0,23.31,124,56,59,38.72,42.71,1513.41,Maize,Compost
Sandy,5.79,47.19,107,60,38,34.8,65.13,1208.34,Maize,MOP
Sandy,5.17,25.7,149,44,95,13.19,37.2,2433.64,Maize,Compost
Silt,5.12,44.9,83,59,13,32.95,30.97,2378.49,Maize,MOP
Clay,6.53,17.7,111,53,75,26.37,83.08,2954.94,Maize,SSP
Loamy,5.35,59.43,39,32,46,29.93,33.2,616.34,Maize,Urea
Clay,6.76,26.45,126,84,107,22.88,82.2,2219.09,Maize,NPK
Clay,8.35,10.62,73,23,14,13.06,33.43,2536.5,Maize,DAP
Sandy,4.54,52.17,95,27,104,36.64,57.11,486.94,Maize,DAP
Silt,6.21,11.31,134,88,22,32.17,43.85,477.12,Maize,MOP
Loamy,4.92,53.33,127,78,93,34.17,60.36,2909.13,Maize,Compost
Loamy,4.89,55.65,114,24,24,38.8,84.33,2899.1,Maize,DAP
Clay,4.62,45.03,110,42,26,27.14,80.72,868.85,Maize,MOP
Sandy,4.71,16.06,46,82,115,23.64,37.23,1415.83,Maize,Urea
Clay,6.3,56.61,156,63,74,38.22,83.09,2622.58,Maize,NPK
Loamy,5.02,13.84,94,66,15,26.49,84.91,202.46,Maize,MOP
Loamy,6.71,28.71,103,66,114,11.88,89.64,2988.32,Maize,MOP
Silt,4.72,25.72,74,56,30,21.14,64.05,385.39,Maize,MOP
Clay,7.2,29.95,125,43,47,29.39,31.12,1087.87,Maize,MOP
Silt,4.71,12.52,71,44,106,29.31,42.71,2431.14,Maize,Compost
Clay,4.76,11.84,153,38,112,39.99,83.72,1290.37,Maize,DAP
Loamy,7.06,34.85,134,76,115,16.76,77.89,1435.3,Maize,Zinc Sulphate
Loamy,5.4,36.7,109,77,63,15.52,83.46,259.44,Maize,Compost
Loamy,7.59,26.3,97,40,45,36.87,72.07,2016.67,Maize,Urea
Clay,6.18,37.18,49,65,35,11.02,33.53,1492.46,Maize,Urea
Silt,4.51,29.59,60,72,50,15.7,85.62,2143.91,Maize,Compost
Clay,5.42,48.18,133,42,92,39.5,46.35,2128.64,Maize,Compost
Silt,7.87,42.97,74,41,81,39.03,42.46,2562.5,Maize,Zinc Sulphate
Silt,7.32,41.19,101,63,84,35.63,60.34,2176.02,Maize,Zinc Sulphate
Sandy,5.01,37.94,107,87,103,14.15,71.43,1234.68,Maize,Compost
Loamy,8.02,24.78,96,14,46,17.69,75.45,1757.98,Maize,DAP
Loamy,4.88,47.84,119,47,10,26.91,35.27,1680.58,Maize,MOP
Silt,7.17,28.0,88,71,110,35.41,64.71,973.6,Maize,MOP
Silt,7.19,35.9,103,56,41,21.65,32.66,2723.04,Maize,NPK
Clay,5.02,19.8,64,42,19,32.26,58.21,1172.38,Maize,MOP
Loamy,6.06,53.19,91,81,56,31.01,59.81,1072.44,Maize,MOP
Silt,5.88,42.09,107,27,16,21.73,78.85,1455.04,Maize,DAP
Silt,7.59,39.61,158,49,92,11.98,66.29,1652.69,Maize,NPK
Silt,7.51,30.46,78,55,97,34.57,55.59,503.73,Maize,NPK
Loamy,7.6,26.29,92,77,80,14.26,51.54,1614.46,Maize,Zinc Sulphate
Loamy,6.13,57.83,101,58,34,23.11,59.39,397.85,Maize,MOP
Loamy,6.41,58.29,154,37,65,26.02,50.66,1472.19,Maize,DAP
Loamy,8.1,36.14,30,22,44,30.05,83.82,992.31,Maize,Urea
Clay,5.84,53.17,101,41,114,18.21,32.44,1466.79,Maize,NPK
Sandy,7.44,41.06,91,34,48,27.76,81.91,1043.8,Maize,DAP
Sandy,7.78,54.21,48,48,54,23.37,33.25,2272.69,Maize,Urea
Silt,8.03,28.69,143,85,57,33.29,63.64,1607.26,Maize,Zinc Sulphate
Clay,8.11,44.68,44,61,37,12.79,37.17,1385.15,Maize,Urea
Clay,8.37,42.17,137,54,76,26.84,37.36,766.0,Maize,Zinc Sulphate
Clay,6.91,35.44,46,80,14,26.16,75.99,1091.49,Maize,Urea
Loamy,6.34,37.15,147,85,48,39.51,41.92,2821.82,Maize,NPK
Loamy,6.18,24.94,63,15,49,29.64,34.23,342.71,Maize,DAP
Clay,7.42,20.57,28,37,43,39.76,78.4,1651.1,Maize,Urea
Clay,7.48,38.19,114,61,20,22.55,80.36,906.33,Maize,MOP
Clay,7.0,38.27,120,17,97,26.35,39.59,2166.58,Maize,DAP
Clay,5.74,21.51,71,81,113,39.61,59.02,338.55,Maize,MOP
Clay,6.73,14.79,66,46,47,25.39,48.77,392.2,Maize,Compost
Clay,7.52,46.78,143,13,16,16.68,63.8,1923.46,Maize,DAP
Silt,7.66,37.38,149,73,68,31.93,87.94,482.87,Maize,NPK
Loamy,7.6,36.11,135,22,117,33.23,65.37,1631.45,Maize,DAP
Clay,4.81,37.62,63,31,13,37.47,51.02,1716.71,Maize,DAP
Sandy,5.09,21.94,36,65,118,18.13,44.89,1386.94,Maize,Urea
Silt,5.01,47.29,104,12,13,11.72,45.94,1973.37,Maize,DAP
Silt,6.28,34.75,51,89,100,18.58,48.01,768.73,Maize,Urea
Loamy,4.73,11.3,143,55,58,33.35,66.43,679.01,Maize,Compost
Loamy,4.56,44.49,146,23,102,26.6,65.44,1863.85,Maize,DAP
Loamy,8.13,29.92,150,52,16,17.56,51.3,393.66,Maize,MOP
Clay,6.66,52.55,157,31,42,26.22,40.13,683.29,Maize,DAP
Loamy,7.93,17.44,71,60,17,20.02,36.55,770.91,Maize,MOP
Sandy,4.55,22.85,92,79,50,10.34,31.73,833.73,Maize,Compost
Clay,6.18,48.55,130,61,102,38.11,62.92,1587.35,Maize,DAP
Loamy,5.33,32.56,131,17,18,15.12,61.34,1728.85,Maize,DAP
Sandy,7.51,32.29,64,60,109,19.54,78.28,2558.78,Maize,DAP
Loamy,7.34,51.93,82,83,78,18.78,46.26,2607.65,Maize,Urea
Sandy,4.86,12.39,34,66,41,38.53,77.46,484.61,Maize,Urea
Clay,7.66,36.05,53,68,109,16.13,87.4,1275.74,Maize,Urea
Sandy,8.45,43.5,27,17,119,13.31,76.65,2915.39,Maize,Urea
Clay,6.75,54.73,25,50,77,34.78,84.4,1381.59,Maize,Urea
Clay,6.11,53.39,153,34,18,38.24,80.97,306.94,Maize,DAP
Sandy,5.47,25.97,58,21,96,17.16,34.64,1194.78,Maize,Urea
Clay,7.69,51.51,24,38,26,14.98,55.53,1750.77,Maize,Urea
Loamy,6.85,47.52,90,16,61,36.69,67.33,2372.05,Maize,DAP
Silt,5.66,13.87,63,20,76,17.2,66.14,1922.93,Maize,DAP
Loamy,7.5,56.1,68,79,117,38.62,80.81,313.16,Maize,MOP
Silt,7.0,51.59,67,50,22,26.8,83.82,1192.01,Maize,MOP
Loamy,7.15,38.88,131,84,110,33.98,59.48,670.32,Maize,NPK
Silt,8.12,45.64,123,32,83,19.6,57.32,1655.13,Maize,DAP
Silt,5.03,52.84,134,24,48,26.05,41.66,2418.34,Maize,DAP
Sandy,7.32,55.62,123,79,11,31.76,62.04,516.37,Maize,MOP
Loamy,4.94,20.25,133,59,58,35.7,52.71,2261.62,Maize,Compost
Sandy,8.11,37.17,76,81,11,24.97,54.56,1745.61,Maize,MOP
Silt,8.4,50.76,50,66,94,24.38,75.81,601.78,Maize,Urea
Sandy,8.3,23.91,45,66,57,24.0,76.43,516.18,Maize,Urea
Clay,4.68,52.73,30,26,112,33.35,79.68,250.08,Maize,Urea
Loamy,7.78,31.84,129,79,59,33.6,47.16,1938.96,Maize,Compost
Loamy,6.39,31.49,42,81,60,12.73,51.04,2910.77,Maize,Urea
Loamy,6.03,47.03,31,57,87,35.21,74.05,1991.6,Maize,Urea
Silt,6.78,12.72,154,46,42,13.54,46.44,2276.87,Maize,NPK
Loamy,7.14,16.45,58,71,41,38.75,71.34,485.44,Maize,Urea
Sandy,6.44,12.03,84,64,73,16.17,61.29,751.29,Maize,Compost
Clay,7.21,54.74,86,37,57,13.91,89.21,871.44,Maize,DAP
Clay,6.26,39.55,73,18,105,25.49,41.17,2272.27,Maize,DAP
Clay,7.68,25.95,92,42,55,19.5,35.12,2320.19,Maize,Urea
Silt,7.69,46.09,23,52,63,38.11,58.5,2505.79,Maize,Urea
Silt,5.64,30.4,138,56,108,39.83,40.06,2008.53,Maize,SSP
Silt,6.08,43.53,78,67,25,29.27,77.24,1327.35,Maize,MOP
Loamy,5.38,29.04,73,76,85,25.34,32.99,2215.04,Maize,Compost
Silt,7.44,13.3,28,11,114,39.99,65.27,768.84,Maize,Urea
Silt,8.19,20.86,109,12,57,27.9,79.4,1079.58,Maize,DAP
Sandy,5.22,35.37,123,55,35,23.79,55.31,356.5,Maize,MOP
Sandy,5.66,31.79,22,11,74,16.65,71.54,2913.24,Maize,Urea
Loamy,8.45,32.62,80,89,66,17.28,42.33,1585.98,Maize,Zinc Sulphate
Silt,5.23,25.08,89,11,86,20.89,30.33,1256.57,Maize,DAP
Silt,8.09,26.6,116,84,98,11.96,60.26,295.67,Maize,Zinc Sulphate
Silt,5.51,33.58,32,72,10,20.43,63.05,2351.52,Maize,Urea
Clay,4.58,47.46,132,39,43,16.64,58.16,1696.91,Maize,DAP
Clay,5.74,14.07,28,18,78,14.73,48.72,271.98,Maize,Urea
Clay,6.57,38.51,128,59,27,26.49,50.67,450.16,Maize,MOP
Loamy,8.06,15.33,145,11,21,21.17,35.39,1804.42,Maize,DAP
Loamy,5.83,49.66,67,81,12,12.11,30.16,1660.73,Maize,MOP
Silt,4.84,38.91,67,19,116,24.83,34.52,1256.85,Maize,DAP
Sandy,5.04,20.78,71,36,10,35.03,85.89,1963.24,Maize,DAP
Loamy,7.25,30.12,95,70,89,13.15,56.31,1325.78,Maize,DAP
Sandy,6.81,38.89,95,69,102,13.37,36.19,861.2,Maize,NPK
Loamy,7.83,25.02,139,87,114,29.07,52.85,1865.54,Maize,Zinc Sulphate
Loamy,5.36,30.05,59,39,87,26.22,44.52,1533.85,Maize,Urea
Sandy,7.15,44.16,109,67,29,22.18,47.33,776.68,Maize,MOP
Silt,8.3,34.69,67,63,21,34.65,63.54,1511.06,Maize,MOP
Sandy,7.72,49.39,151,56,107,31.92,72.12,1072.26,Maize,MOP
Sandy,8.08,28.72,147,76,34,30.01,80.88,870.89,Maize,MOP
Clay,5.46,37.42,90,83,16,16.02,40.43,206.59,Maize,MOP
Silt,6.52,46.31,47,86,46,39.25,37.06,1011.28,Maize,Urea
Silt,4.89,51.97,100,11,59,30.28,64.53,550.82,Maize,DAP
Loamy,5.27,18.91,65,13,88,23.31,36.97,1225.21,Maize,DAP
Loamy,4.98,17.53,31,33,47,35.27,50.24,2482.12,Maize,Urea
Silt,5.89,41.22,63,54,62,31.65,49.63,1350.72,Maize,DAP
Loamy,7.34,57.35,58,47,15,30.17,56.51,395.57,Maize,Urea
Loamy,6.86,59.07,159,80,43,15.1,53.17,1894.0,Maize,Zinc Sulphate
Sandy,5.41,48.58,33,56,41,38.97,56.99,2148.36,Maize,Urea
Sandy,7.84,58.44,93,83,39,11.22,66.17,1692.07,Maize,MOP
Clay,4.61,34.42,103,59,116,39.67,82.19,683.61,Maize,Compost
Loamy,8.07,12.32,100,44,76,29.48,45.72,1381.71,Maize,Zinc Sulphate
Clay,5.78,27.38,50,11,35,17.8,36.31,1177.64,Maize,Urea
Clay,6.45,47.32,20,82,75,18.3,89.91,660.99,Maize,Urea
Clay,5.31,39.1,30,47,38,37.98,78.44,1092.21,Maize,Urea
Clay,6.65,51.69,146,76,88,33.6,46.99,1684.6,Maize,MOP
Loamy,5.39,16.12,101,86,13,33.5,67.43,2346.08,Maize,MOP
Clay,6.1,49.67,68,41,92,15.74,32.24,593.07,Maize,SSP
Clay,6.6,16.78,63,57,91,29.19,86.08,2304.87,Maize,MOP
Loamy,5.4,49.62,118,35,91,20.39,68.03,1812.54,Maize,DAP
Silt,5.42,36.1,120,69,62,23.35,38.13,1960.74,Maize,Compost
Loamy,5.03,41.51,49,82,32,19.31,54.32,2966.86,Maize,Urea
Silt,7.32,13.15,26,27,71,30.24,62.67,1041.44,Maize,Urea
Silt,6.92,19.88,100,28,92,28.5,88.65,1196.14,Maize,DAP
Loamy,7.59,25.71,95,83,109,19.74,73.81,1606.51,Maize,NPK
Silt,7.41,51.92,67,44,70,36.79,46.87,1998.46,Maize,DAP
Clay,7.4,13.25,119,84,48,39.81,76.35,1968.61,Maize,SSP
Sandy,6.52,31.09,21,73,33,30.64,86.35,2451.05,Maize,Urea
Clay,5.51,29.08,75,18,26,33.53,30.91,1047.76,Maize,DAP
Silt,6.34,37.63,39,22,99,33.05,42.26,2969.29,Maize,Urea
Loamy,8.3,29.39,63,48,13,27.61,64.49,2179.81,Maize,MOP
Silt,5.05,27.86,71,63,84,20.7,68.59,1338.72,Maize,Compost
Silt,5.49,35.81,155,11,91,20.58,72.3,825.93,Maize,DAP
Silt,7.44,56.27,32,51,104,22.28,46.85,365.24,Maize,Urea
Clay,6.55,26.58,29,23,111,25.54,71.62,2964.61,Maize,Urea
Silt,7.03,26.23,58,35,92,29.32,45.77,2199.39,Maize,Urea
Clay,8.24,28.3,128,56,111,20.6,73.65,1462.73,Maize,Zinc Sulphate
Silt,5.73,45.46,24,57,84,35.28,75.99,2114.08,Maize,Urea
Loamy,6.79,30.41,73,79,76,18.61,52.8,278.99,Maize,NPK
Sandy,7.46,43.33,129,10,23,21.64,52.31,889.18,Maize,DAP
Sandy,6.55,34.1,44,24,35,36.99,48.31,1395.04,Maize,Urea
Clay,5.06,46.82,53,86,82,13.93,54.55,1851.71,Maize,Urea
Silt,5.95,20.74,54,14,41,14.77,40.03,520.2,Maize,Urea
Loamy,5.58,30.88,99,65,102,13.51,82.96,2056.28,Maize,NPK
Sandy,5.21,32.86,78,80,40,11.79,88.33,2479.41,Maize,Compost
Loamy,6.72,14.8,152,12,105,36.83,64.24,1013.91,Maize,DAP
Sandy,7.99,24.2,30,74,90,14.52,31.58,2706.81,Maize,Urea
Sandy,7.91,50.71,97,70,64,36.09,38.81,487.83,Maize,Zinc Sulphate
Loamy,6.72,55.02,61,36,66,14.43,52.42,2332.69,Maize,DAP
Sandy,6.99,16.84,52,83,68,35.65,62.78,2262.1,Maize,Urea
Sandy,5.28,55.0,143,68,38,14.28,76.25,753.42,Maize,MOP
Sandy,8.48,34.43,129,32,69,30.01,58.51,446.18,Maize,DAP
Clay,8.47,49.73,132,85,42,13.64,55.22,210.2,Maize,Zinc Sulphate
Loamy,5.51,17.24,144,89,99,24.49,62.95,2468.1,Maize,Compost
Clay,8.43,13.87,92,65,14,39.54,81.89,2848.21,Maize,MOP
Sandy,6.56,59.24,113,41,91,36.83,36.73,613.7,Maize,DAP
Silt,5.17,39.33,20,84,81,21.74,79.41,2820.96,Maize,Urea
Sandy,6.05,52.77,55,28,74,14.46,64.85,2406.08,Maize,Urea
Loamy,5.25,43.75,41,69,111,27.05,59.27,907.62,Maize,Urea
Clay,6.59,52.5,65,72,107,21.28,88.51,2061.25,Maize,NPK
Loamy,8.08,25.4,78,12,60,38.54,78.89,807.76,Maize,DAP
Sandy,5.02,25.76,79,73,99,38.64,88.97,925.28,Maize,Compost
Sandy,6.72,12.39,138,85,105,25.42,88.65,444.46,Maize,DAP
Loamy,4.54,47.17,84,15,91,15.93,89.4,1208.43,Maize,DAP
Silt,6.37,36.73,41,35,87,12.92,48.38,1661.57,Maize,Urea
Sandy,6.08,12.98,154,40,90,27.35,40.53,2061.11,Maize,NPK
Silt,7.75,33.62,95,60,62,36.83,82.47,2517.98,Maize,MOP
Silt,4.88,38.35,128,47,85,34.49,32.43,1648.32,Maize,Compost
Loamy,8.2,52.18,148,69,15,36.82,43.72,994.9,Maize,MOP
Loamy,5.16,11.15,25,67,80,18.51,31.05,1934.89,Maize,Urea
Clay,7.95,48.28,28,61,40,26.86,83.54,322.44,Maize,Urea
Sandy,4.84,36.75,65,36,12,30.51,41.97,948.13,Maize,DAP
Clay,6.55,34.81,56,85,43,11.24,41.15,1566.44,Maize,Urea
Silt,8.47,10.51,60,46,78,14.21,57.54,559.59,Maize,Zinc Sulphate
Sandy,8.36,16.59,109,18,72,28.1,53.25,1851.67,Maize,DAP
Clay,6.97,39.72,94,29,39,13.66,82.43,1217.31,Maize,DAP
Loamy,7.7,18.48,89,49,96,15.21,67.24,1010.69,Maize,MOP
Sandy,7.61,27.3,84,21,105,31.2,31.23,1889.48,Maize,DAP
Clay,5.52,35.63,82,84,117,35.38,62.51,650.52,Maize,MOP
Loamy,7.44,20.46,134,66,116,37.1,44.35,1045.48,Maize,NPK
Clay,7.04,42.8,154,71,76,23.09,77.96,2575.61,Maize,NPK
Silt,7.42,21.99,36,49,13,37.86,83.67,302.37,Maize,Urea
Silt,8.08,30.93,55,86,12,16.44,60.61,1800.44,Maize,Urea
Clay,5.32,47.63,52,61,67,35.86,31.96,1272.56,Maize,Urea
Sandy,6.39,45.79,157,81,93,34.96,40.06,2843.21,Maize,Compost
Clay,4.86,33.52,62,47,38,36.1,82.65,2276.05,Maize,MOP
Sandy,5.41,21.12,47,55,42,33.86,81.4,2837.65,Maize,Urea
Loamy,5.46,53.57,135,81,33,36.52,35.09,1067.7,Maize,MOP
Clay,6.54,53.75,148,53,28,26.56,43.42,660.46,Maize,MOP
Clay,7.21,37.09,33,74,25,24.55,33.9,1250.63,Maize,Urea
Silt,6.19,14.55,129,71,51,37.94,81.12,1946.98,Maize,Compost
Clay,8.4,39.97,140,12,115,32.03,47.71,2039.94,Maize,DAP
Silt,7.06,32.73,79,43,28,34.76,83.58,1332.98,Maize,MOP
Sandy,7.22,53.29,101,73,41,38.55,62.99,2930.07,Maize,MOP
Clay,4.68,17.56,127,80,110,16.35,79.95,1956.9,Maize,Compost
Clay,6.61,55.64,148,47,103,14.41,84.74,1684.93,Maize,NPK
Silt,7.75,46.85,77,69,119,29.99,32.02,1394.19,Maize,Zinc Sulphate
Silt,4.68,30.79,116,16,115,39.63,53.87,2723.31,Maize,DAP
Silt,5.25,58.97,125,85,91,37.32,46.93,1987.06,Maize,Compost
Clay,5.69,47.96,93,60,25,20.65,74.66,1748.78,Maize,MOP
Loamy,4.77,50.97,72,67,45,34.9,44.89,1552.72,Maize,Compost
Clay,6.18,46.52,82,83,98,17.63,73.05,2433.96,Maize,Zinc Sulphate
Loamy,7.99,18.17,55,84,36,36.05,60.66,776.48,Maize,Urea
Clay,6.93,57.33,117,87,49,29.76,87.69,1190.55,Maize,NPK
Sandy,6.51,36.93,155,37,30,28.2,84.74,1293.45,Maize,DAP
Loamy,8.13,32.81,66,40,54,39.92,86.63,660.34,Maize,Zinc Sulphate
Sandy,6.53,23.38,115,65,117,10.59,54.53,1807.67,Maize,SSP
Clay,5.24,49.91,33,76,112,38.16,47.02,1395.85,Maize,Urea
Clay,6.95,56.89,155,47,58,23.83,88.85,1799.42,Maize,NPK
Silt,6.15,56.87,43,64,110,20.0,51.03,1849.78,Maize,Urea
Silt,5.07,58.3,148,74,14,17.87,47.27,2723.03,Maize,MOP
Sandy,6.76,42.95,119,10,74,38.55,56.76,846.02,Maize,DAP
Silt,7.86,10.23,58,87,16,17.75,31.62,2815.91,Maize,Urea
Silt,7.78,49.2,66,13,59,35.03,32.01,2447.95,Maize,DAP
Sandy,7.08,23.87,149,38,38,34.09,34.71,2261.17,Maize,DAP
Clay,7.79,56.92,135,15,12,37.13,38.46,2625.28,Maize,DAP
Loamy,5.16,54.79,143,36,94,39.54,44.94,2176.62,Maize,DAP
Clay,7.56,52.98,151,39,72,25.24,42.4,1636.16,Maize,DAP
Loamy,8.17,47.96,144,79,29,37.41,51.47,433.38,Maize,MOP
Loamy,7.94,36.09,102,44,11,31.74,56.28,2754.71,Maize,MOP
Silt,6.63,15.36,38,28,95,12.31,37.27,1370.26,Maize,Urea
Clay,5.03,12.69,131,44,40,25.71,75.55,699.71,Maize,Compost
Silt,7.82,21.34,146,33,99,24.88,56.3,2234.8,Maize,DAP
Sandy,7.31,54.48,123,69,113,29.78,43.12,1351.61,Maize,NPK
Loamy,5.68,20.58,65,74,101,36.63,60.08,816.06,Maize,NPK
Loamy,4.58,17.93,78,35,89,37.63,42.23,1864.16,Maize,DAP
Clay,8.24,43.08,36,86,49,22.21,52.83,394.26,Maize,Urea
Silt,4.77,30.06,67,82,71,36.43,68.24,1493.21,Maize,Compost
Clay,5.82,41.12,157,86,10,28.71,84.14,1676.17,Maize,MOP
Sandy,5.33,24.51,70,87,55,11.34,35.97,421.0,Maize,Compost
Silt,6.96,31.66,41,65,50,28.06,43.56,823.94,Maize,Urea
Sandy,8.27,34.25,25,54,106,39.06,85.81,223.87,Maize,Urea
Silt,5.59,12.64,59,33,38,16.24,74.63,493.26,Maize,Urea
Sandy,5.02,56.11,129,58,39,18.47,78.11,2061.21,Maize,MOP
Clay,7.72,32.77,36,17,39,35.28,45.99,831.76,Maize,Urea
Loamy,5.98,41.34,136,52,57,35.61,41.33,408.58,Maize,NPK
Clay,7.15,14.37,71,69,38,20.85,59.86,1062.8,Maize,MOP
Sandy,6.23,16.93,141,45,90,16.39,84.45,1906.64,Maize,SSP
Clay,7.59,41.44,142,67,77,33.53,46.12,415.85,Maize,NPK
Silt,6.0,22.33,63,25,89,24.85,56.97,295.49,Maize,DAP
Sandy,6.19,57.69,55,52,31,24.89,49.55,2527.62,Maize,Urea
Clay,7.37,25.99,131,85,110,17.26,67.34,2245.44,Maize,NPK
Silt,4.99,12.74,131,16,109,33.74,78.38,2364.48,Maize,DAP
Sandy,5.22,56.94,101,49,95,35.53,71.31,2314.99,Maize,Compost
Sandy,6.76,15.43,109,41,115,14.57,68.29,213.97,Maize,NPK
Sandy,7.7,34.52,36,25,72,39.96,55.22,265.4,Maize,Urea
Silt,7.07,57.35,147,52,57,26.47,89.84,1263.24,Maize,NPK
Loamy,5.97,18.5,49,41,81,34.92,38.87,2790.59,Maize,Urea
Loamy,5.66,12.87,99,22,18,23.51,52.48,2355.89,Maize,DAP
Silt,7.26,47.67,140,86,12,32.58,50.39,967.67,Maize,MOP
Clay,8.2,34.64,127,37,14,34.41,55.69,1370.39,Maize,DAP
Silt,6.32,10.84,32,83,12,13.75,59.91,1718.55,Maize,Urea
Clay,6.33,58.6,95,81,31,39.49,63.64,917.17,Maize,MOP
Sandy,7.38,27.81,155,66,95,22.86,72.74,2284.46,Maize,Urea
Loamy,5.71,55.85,65,75,78,12.09,59.9,2498.98,Maize,NPK
Clay,4.64,58.55,98,75,26,11.02,54.29,456.97,Maize,MOP
Loamy,4.85,59.46,23,21,29,33.69,48.12,937.89,Maize,Urea
Sandy,5.63,27.43,153,88,41,27.47,66.88,2810.22,Maize,Compost
Clay,8.29,10.54,30,44,25,28.48,84.44,2018.64,Potato,Urea
Loamy,6.96,46.67,130,62,34,38.07,40.12,1066.57,Potato,MOP
Loamy,7.28,55.24,96,49,11,27.8,58.22,2440.81,Potato,MOP
Silt,4.5,38.69,59,39,84,16.04,31.95,1091.62,Potato,Urea
Sandy,5.26,30.72,126,11,17,30.24,50.59,2968.13,Potato,DAP
Silt,7.09,30.84,116,15,78,31.03,69.5,924.56,Potato,DAP
Clay,6.68,46.91,142,77,87,26.31,39.69,838.36,Potato,NPK
Silt,7.22,56.58,140,61,117,34.06,60.72,574.88,Potato,Urea
Loamy,8.45,50.75,107,52,76,26.23,55.45,753.68,Potato,Zinc Sulphate
Sandy,5.34,26.29,75,13,15,24.11,42.03,1326.66,Potato,DAP
Silt,4.67,37.37,51,18,72,35.07,55.27,1543.48,Potato,Urea
Loamy,6.9,13.66,56,66,57,32.47,55.71,359.81,Potato,Urea
Clay,7.28,10.88,90,62,114,11.07,73.6,1981.54,Potato,MOP
Loamy,7.45,42.41,151,87,14,30.17,86.78,2938.35,Potato,MOP
Silt,5.39,49.74,40,27,63,10.34,33.82,2594.1,Potato,Urea
Sandy,5.98,41.93,142,20,85,24.14,83.02,1180.39,Potato,DAP
Clay,6.03,40.47,143,47,25,25.52,30.19,2883.27,Potato,MOP
Clay,4.64,16.52,123,18,52,29.23,79.22,1579.58,Potato,DAP
Sandy,6.25,45.51,43,20,48,12.13,88.86,2820.06,Potato,Urea
Loamy,8.08,13.38,153,44,56,20.94,31.06,2769.52,Potato,Zinc Sulphate
Loamy,5.46,21.9,111,42,43,19.46,41.36,377.31,Potato,Compost
Loamy,5.87,14.58,121,19,67,28.45,49.01,2013.14,Potato,DAP
Loamy,7.92,13.23,134,13,81,23.77,56.57,713.33,Potato,DAP
Loamy,5.74,34.73,76,47,81,19.15,57.12,1178.68,Potato,NPK
Clay,7.97,54.7,113,61,89,14.18,41.67,2488.04,Potato,Zinc Sulphate
Loamy,5.46,55.77,57,47,60,37.66,53.8,2167.93,Potato,Urea
Clay,6.45,27.52,155,73,63,21.25,68.88,2972.64,Potato,Zinc Sulphate
Clay,7.8,21.5,131,18,111,34.56,63.35,1012.83,Potato,DAP
Silt,6.37,11.38,78,16,10,39.24,50.24,1811.29,Potato,DAP
Clay,7.04,40.91,151,45,94,22.54,84.34,1281.47,Potato,NPK
Loamy,4.87,25.51,116,64,65,29.02,88.68,274.77,Potato,Compost
Sandy,6.01,21.5,22,35,31,21.52,72.07,549.23,Potato,Urea
Silt,6.21,23.74,63,79,41,20.9,86.54,696.73,Potato,MOP
Sandy,5.99,24.51,129,51,21,33.02,75.55,1324.53,Potato,MOP
Clay,6.82,16.48,33,70,69,35.08,46.75,2281.76,Potato,Urea
Loamy,8.45,59.39,60,34,49,24.04,51.53,2574.64,Potato,DAP
Loamy,5.22,56.02,37,12,116,30.43,36.44,1382.4,Potato,Urea
Clay,7.89,17.88,120,48,60,13.39,88.46,2187.92,Potato,Zinc Sulphate
Clay,7.83,39.12,98,41,45,11.94,76.87,750.2,Potato,Zinc Sulphate
Sandy,5.16,21.84,73,53,55,15.45,51.76,627.36,Potato,Compost
Silt,8.16,10.1,148,44,14,35.95,52.2,605.17,Potato,MOP
Clay,4.87,17.22,79,28,90,31.14,44.97,2390.33,Potato,DAP
Loamy,4.6,49.1,111,55,41,14.96,42.71,2995.34,Potato,Compost
Sandy,7.24,31.09,43,72,93,38.05,30.33,2444.24,Potato,Urea
Loamy,5.8,48.6,155,52,106,32.11,45.74,267.91,Potato,NPK
Silt,5.88,40.55,105,58,92,29.76,65.84,2680.62,Potato,Zinc Sulphate
Silt,6.24,48.18,111,87,111,23.86,63.48,2201.09,Potato,Zinc Sulphate
Silt,5.99,37.77,147,37,49,36.26,73.24,263.29,Potato,DAP
Clay,8.39,55.29,120,49,117,27.88,70.66,1046.83,Potato,Zinc Sulphate
Silt,7.6,25.03,148,73,86,11.74,31.21,2167.42,Potato,NPK
Silt,4.92,51.08,32,64,70,38.95,51.68,542.68,Potato,Urea
Clay,6.92,20.93,140,41,21,38.29,64.38,1774.1,Potato,MOP
Loamy,6.12,58.54,132,46,115,33.66,43.94,947.11,Potato,DAP
Clay,6.0,59.85,142,83,23,33.82,62.45,2476.09,Potato,MOP
Loamy,5.76,34.92,73,22,111,31.98,47.62,293.53,Potato,DAP
Clay,6.07,30.84,86,31,111,37.26,78.63,1131.5,Potato,DAP
Silt,4.84,30.42,130,41,111,24.09,77.28,324.77,Potato,Compost
Sandy,4.66,20.0,99,78,51,13.29,50.28,1725.0,Potato,Compost
Loamy,7.01,33.52,36,70,29,36.24,82.12,653.65,Potato,Urea
Silt,4.84,16.66,100,47,31,26.32,63.19,352.12,Potato,MOP
Clay,5.89,14.07,100,16,36,39.33,30.14,2230.73,Potato,DAP
Loamy,7.35,48.94,45,60,47,35.41,76.29,2527.24,Potato,Urea
Clay,4.98,31.96,159,46,96,35.08,85.29,711.9,Potato,Compost
Silt,4.6,16.13,35,37,104,26.22,56.29,375.75,Potato,Urea
Clay,7.4,54.59,43,16,38,27.53,88.38,1900.85,Potato,Urea
Loamy,5.92,47.98,112,74,32,17.99,49.16,2831.19,Potato,MOP
Loamy,7.46,24.88,117,62,52,21.07,30.75,632.43,Potato,Compost
Silt,6.31,43.29,28,54,110,15.7,44.24,2121.83,Potato,Urea
Clay,4.91,27.34,129,39,97,12.3,37.18,1553.37,Potato,DAP
Silt,7.75,56.58,118,79,21,35.26,41.94,2234.94,Potato,MOP
Sandy,8.21,31.15,125,85,87,12.83,50.06,2285.76,Potato,Zinc Sulphate
Silt,6.55,12.27,33,65,29,24.15,40.19,2094.59,Potato,Urea
Loamy,4.84,28.9,133,74,99,30.0,62.37,2439.16,Potato,Compost
Clay,4.96,39.52,74,26,74,12.78,38.87,740.55,Potato,DAP
Clay,7.45,59.22,115,31,76,19.73,72.23,1571.64,Potato,DAP
Loamy,6.82,16.21,151,31,70,35.14,60.43,1892.18,Potato,DAP
Clay,5.17,13.91,52,35,94,18.16,65.11,2468.29,Potato,Urea
Sandy,6.3,38.73,37,27,21,25.97,50.08,1457.58,Potato,Urea
Sandy,7.72,49.85,36,22,11,24.56,44.51,319.87,Potato,Urea
Clay,5.37,22.75,25,49,62,34.84,84.23,1864.5,Potato,Urea
Sandy,8.16,48.44,143,39,50,26.82,46.78,2646.45,Potato,DAP
Sandy,5.25,30.24,122,89,97,15.84,86.29,972.92,Potato,Compost
Sandy,6.17,42.89,147,28,30,38.18,38.33,2520.48,Potato,DAP
Clay,7.5,53.7,143,88,50,24.75,45.38,536.15,Potato,DAP
Clay,6.61,34.01,120,63,57,27.51,60.67,1387.02,Potato,Urea
Silt,8.29,44.61,48,88,27,18.63,72.77,797.01,Potato,Urea
Sandy,7.4,57.52,147,12,22,27.85,61.46,2817.33,Potato,DAP
Clay,5.69,49.83,44,16,80,31.7,38.65,1233.85,Potato,Urea
Clay,5.17,27.23,141,15,85,16.97,48.16,540.82,Potato,DAP
Clay,5.98,50.85,154,57,10,13.53,85.53,1683.76,Potato,MOP
Loamy,7.1,47.68,45,24,36,31.09,32.18,1957.5,Potato,Urea
Loamy,8.13,44.94,37,89,27,28.62,57.93,1597.02,Potato,Urea
Sandy,7.31,25.47,69,15,93,26.9,52.1,1914.92,Potato,DAP
Clay,4.82,45.21,74,54,67,21.55,44.07,278.92,Potato,Compost
Loamy,6.13,20.68,60,84,112,11.4,44.24,1671.81,Potato,SSP
Silt,8.07,24.21,70,10,31,30.95,71.19,1077.11,Potato,DAP
Sandy,8.4,38.75,153,19,107,13.75,49.68,626.64,Potato,DAP
Sandy,8.26,27.81,65,15,88,25.24,55.31,1895.32,Potato,DAP
Sandy,7.53,29.33,81,89,10,19.75,39.13,1661.31,Potato,MOP
Sandy,6.35,25.26,43,75,31,27.51,82.12,1290.09,Potato,Urea
Silt,6.33,15.34,37,40,88,32.55,61.51,2101.88,Potato,Urea
Sandy,4.61,53.35,70,72,89,13.5,61.41,2881.69,Potato,Compost
Sandy,7.0,42.6,55,28,68,23.34,48.65,1328.2,Potato,Urea
Loamy,8.19,24.72,101,40,84,16.63,45.23,935.25,Potato,Zinc Sulphate
Sandy,4.58,20.22,30,22,89,22.96,48.21,385.95,Potato,Urea
Loamy,7.89,30.46,113,56,14,35.34,87.2,1488.13,Potato,MOP
Loamy,7.03,30.36,134,79,108,19.79,61.67,972.42,Potato,NPK
Sandy,7.09,35.32,29,54,108,17.37,78.15,2042.89,Potato,Urea
Loamy,7.12,49.72,101,80,78,10.63,84.9,2394.04,Potato,Urea
Loamy,5.52,18.13,155,17,41,16.68,39.37,1840.11,Potato,DAP
Silt,5.85,55.13,91,84,95,36.22,69.4,1744.87,Potato,NPK
Clay,5.89,33.39,128,75,104,13.78,39.75,840.84,Potato,NPK
Sandy,7.71,13.11,61,77,65,17.27,35.16,632.92,Potato,SSP
Sandy,5.62,24.62,103,75,117,14.51,68.65,2195.01,Potato,Compost
Loamy,5.48,53.92,110,69,57,31.44,30.01,1512.23,Potato,Compost
Clay,6.11,46.23,67,33,68,19.54,42.54,2948.14,Potato,DAP
Loamy,5.99,11.48,88,20,45,25.28,45.7,859.21,Potato,DAP
Sandy,5.47,52.01,69,67,104,13.35,56.77,1458.75,Potato,Compost
Silt,6.05,23.11,34,48,54,11.89,51.65,309.57,Potato,Urea
Loamy,5.88,58.55,117,56,54,29.4,75.45,971.92,Potato,SSP
Silt,7.78,26.72,53,23,102,32.31,68.39,1845.6,Potato,Urea
Loamy,6.36,31.94,64,43,36,22.1,42.23,1100.08,Potato,MOP
Sandy,7.57,40.47,115,44,39,27.65,51.94,1095.4,Potato,MOP
Loamy,4.76,26.61,126,42,43,22.99,71.65,2273.58,Potato,Compost
Clay,7.47,13.73,35,24,21,31.32,57.7,2031.78,Potato,Urea
Clay,6.6,52.15,36,44,50,22.22,44.06,2895.18,Potato,Urea
Silt,6.49,17.43,79,22,90,28.24,81.06,981.53,Potato,DAP
Sandy,6.83,17.38,115,35,12,24.13,89.48,424.78,Potato,DAP
Clay,8.06,46.22,91,35,111,27.14,49.74,765.06,Potato,DAP
Clay,4.76,22.85,97,32,47,37.18,30.75,340.39,Potato,DAP
Clay,7.69,31.32,64,38,86,23.18,88.33,1846.62,Potato,DAP
Loamy,8.06,42.25,121,81,36,17.49,34.48,1799.61,Potato,MOP
Silt,5.19,52.49,65,36,101,30.74,41.38,834.0,Potato,DAP
Loamy,8.27,37.15,102,78,65,16.79,40.79,1641.27,Potato,Zinc Sulphate
Sandy,7.53,19.15,44,67,70,37.19,33.57,1595.86,Potato,Urea
Loamy,4.52,54.8,128,15,59,10.42,45.48,1736.87,Potato,DAP
Clay,6.12,30.68,88,69,46,33.72,35.75,2609.66,Potato,Urea
Clay,7.55,51.06,30,61,27,19.41,59.27,593.78,Potato,Urea
Silt,6.59,20.76,82,22,73,34.91,63.68,2193.47,Potato,DAP
Loamy,4.55,39.46,159,54,34,11.76,77.33,2472.6,Potato,MOP
Loamy,5.81,23.75,86,20,78,11.66,81.67,483.62,Potato,DAP
Clay,7.29,15.16,152,25,103,11.85,33.97,2217.15,Potato,DAP
Silt,6.17,50.32,52,30,107,18.52,80.59,848.57,Potato,Urea
Clay,5.94,36.97,154,75,117,25.24,81.62,649.85,Potato,NPK
Silt,5.12,29.11,31,31,56,23.17,32.89,1738.67,Potato,Urea
Silt,6.41,49.08,31,37,97,24.16,75.75,892.35,Potato,Urea
Clay,5.58,35.18,90,79,66,38.48,39.86,2847.71,Potato,DAP
Silt,6.28,56.75,114,21,84,15.97,51.73,2643.73,Potato,DAP
Sandy,5.43,27.93,34,11,94,19.31,88.77,2420.81,Potato,Urea
Clay,7.59,28.14,154,56,14,15.54,71.58,2036.08,Potato,MOP
Clay,4.63,48.93,102,84,64,18.28,62.1,1735.88,Potato,Compost
Loamy,6.06,14.76,67,56,52,22.03,78.0,375.3,Potato,NPK
Clay,8.14,13.89,122,50,62,19.04,68.67,1397.4,Potato,Zinc Sulphate
Loamy,7.29,37.89,41,19,76,11.34,87.93,2720.2,Potato,Urea
Clay,7.32,37.31,144,35,11,10.58,65.45,243.87,Potato,DAP
Silt,8.44,48.1,107,59,67,29.24,89.27,2258.41,Potato,Zinc Sulphate
Loamy,7.98,16.7,20,73,95,24.65,67.17,1829.52,Potato,Urea
Silt,4.52,13.83,119,16,104,23.7,72.31,337.88,Potato,DAP
Silt,6.36,30.06,69,33,33,33.34,50.39,2763.23,Potato,DAP
Silt,7.18,56.72,84,27,22,27.57,33.38,2718.99,Potato,DAP
Clay,6.37,25.44,101,61,84,10.45,67.56,970.72,Potato,Zinc Sulphate
Silt,8.12,43.13,153,39,118,19.65,77.5,1963.56,Potato,DAP
Loamy,4.63,39.14,86,29,48,20.87,60.45,2695.09,Potato,DAP
Clay,6.41,28.17,34,66,88,27.65,31.28,2014.19,Potato,Urea
Sandy,5.51,52.26,55,69,68,13.5,80.45,628.61,Potato,Urea
Clay,4.86,55.82,85,67,43,13.74,33.82,1312.06,Potato,Compost
Sandy,4.65,12.38,25,16,28,37.41,65.46,2036.98,Potato,Urea
Sandy,7.15,59.5,55,16,57,16.17,89.19,2612.05,Potato,Urea
Silt,5.06,21.52,112,56,45,23.34,89.19,959.51,Potato,Compost
Sandy,5.69,30.51,117,21,89,36.94,56.47,2378.86,Potato,DAP
Silt,8.05,27.13,38,32,119,17.4,66.37,1998.04,Potato,Urea
Clay,6.29,52.62,72,35,116,17.53,44.47,774.72,Potato,DAP
Sandy,5.76,10.45,50,60,61,25.79,44.03,2829.22,Potato,Urea
Loamy,8.24,50.56,61,63,36,32.12,57.05,2156.7,Potato,MOP
Sandy,7.4,35.13,47,21,104,27.84,55.72,2941.98,Potato,Urea
Clay,5.71,28.64,51,22,41,39.35,81.46,988.02,Potato,Urea
Clay,6.99,50.77,140,42,117,33.06,68.71,802.95,Potato,NPK
Loamy,8.12,26.74,125,28,12,24.61,66.95,1440.58,Potato,DAP
Silt,6.28,58.46,56,52,49,34.62,37.97,542.0,Potato,Urea
Sandy,6.57,14.12,101,17,34,23.04,64.77,1971.19,Potato,DAP
Silt,8.29,21.56,158,71,40,19.77,37.71,2371.94,Potato,Zinc Sulphate
Sandy,7.67,51.79,74,88,19,30.8,72.45,1466.14,Potato,MOP
Loamy,7.28,44.62,61,11,102,16.07,63.92,537.33,Potato,DAP
Loamy,7.87,50.91,98,32,108,11.62,75.34,1702.3,Potato,DAP
Sandy,6.65,48.72,78,83,87,29.0,55.8,1539.11,Potato,NPK
Silt,7.72,20.01,141,62,75,23.04,83.75,1384.46,Potato,NPK
Silt,7.56,42.14,97,56,89,16.16,36.38,1395.01,Potato,NPK
Clay,7.19,44.95,142,25,45,11.71,87.92,1115.58,Potato,DAP
Loamy,4.64,44.73,102,28,48,36.73,35.79,849.62,Potato,DAP
Silt,6.82,20.75,32,32,119,18.59,55.84,241.32,Potato,Urea
Loamy,8.1,41.7,77,55,23,15.98,48.13,1779.25,Potato,MOP
Silt,6.3,43.12,154,34,85,16.79,85.13,736.65,Potato,DAP
Clay,5.74,50.85,106,24,41,12.15,52.71,934.26,Potato,DAP
Silt,6.63,29.07,128,67,26,32.81,35.1,1001.75,Potato,MOP
Clay,5.78,10.3,49,25,78,16.83,35.55,1454.28,Potato,Urea
Silt,5.12,32.66,117,70,53,15.34,42.42,1622.92,Potato,Compost
Silt,8.29,24.58,26,45,101,21.89,78.76,368.55,Potato,Urea
Clay,6.97,32.08,139,69,47,20.23,87.92,2195.23,Potato,MOP
Loamy,4.93,25.65,21,43,72,19.88,45.71,617.22,Potato,Urea
Sandy,5.86,52.13,26,65,102,32.05,72.69,2847.79,Potato,Urea
Clay,8.16,28.34,154,75,62,25.36,65.69,1388.03,Potato,Zinc Sulphate
Loamy,4.94,16.94,39,31,22,32.36,62.02,1367.98,Potato,Urea
Loamy,7.74,40.03,89,59,92,30.86,53.81,614.47,Potato,Zinc Sulphate
Sandy,7.01,10.35,155,48,54,11.71,71.36,1382.23,Potato,Urea
Silt,5.66,48.39,143,15,108,18.51,87.68,203.73,Potato,DAP
Clay,7.24,11.58,92,70,58,31.78,30.45,302.68,Potato,Compost
Sandy,8.34,26.3,109,65,10,27.99,44.41,1079.19,Potato,MOP
Sandy,7.42,53.7,147,89,60,14.18,81.69,2112.23,Potato,Zinc Sulphate
Clay,6.46,18.17,137,71,104,30.45,45.44,2023.56,Potato,NPK
Silt,5.55,59.52,133,49,55,36.31,71.89,2822.24,Potato,MOP
Loamy,7.11,59.91,55,11,82,20.1,31.56,971.44,Potato,Urea
Clay,5.21,11.12,49,54,65,29.22,33.0,456.06,Potato,Urea
Sandy,5.64,30.35,110,54,93,16.06,66.27,811.69,Potato,NPK
Sandy,6.63,10.7,46,44,56,32.16,55.48,1246.34,Potato,Urea
Clay,6.54,55.53,106,76,30,25.48,48.6,2352.75,Potato,MOP
Loamy,7.87,23.87,142,49,12,22.94,74.92,829.1,Potato,MOP
Sandy,5.27,39.4,109,14,52,38.8,63.96,680.17,Potato,DAP
Silt,5.23,29.81,37,33,58,25.2,45.85,2772.3,Potato,Urea
Sandy,5.54,34.56,132,46,111,25.6,72.24,2746.11,Potato,Compost
Clay,5.46,42.43,22,43,67,19.17,51.83,850.76,Potato,Urea
Silt,8.26,15.73,59,82,42,14.75,42.9,2125.61,Potato,Urea
Loamy,5.19,19.85,48,27,76,12.28,33.99,633.93,Potato,Urea
Loamy,5.23,46.49,100,64,50,14.93,65.94,606.3,Potato,Compost
Clay,5.42,48.97,74,68,18,16.04,59.4,854.14,Potato,MOP
Sandy,5.51,41.6,107,19,118,14.29,64.39,2128.49,Potato,DAP
Loamy,6.44,39.57,61,44,82,14.21,57.49,1332.66,Potato,DAP
Silt,5.31,18.26,26,76,97,36.2,31.45,2605.65,Potato,Urea
Sandy,4.53,52.29,155,53,91,29.75,31.3,1664.33,Potato,Compost
Sandy,6.49,57.89,107,19,75,29.74,69.81,327.1,Potato,DAP
Clay,6.78,35.25,87,10,17,32.64,74.07,2692.54,Potato,DAP
Silt,8.27,13.99,118,54,45,18.02,68.19,2306.66,Potato,Zinc Sulphate
Loamy,5.01,42.74,88,60,25,25.86,58.15,554.58,Potato,MOP
Sandy,6.57,42.55,125,20,101,16.86,37.16,597.21,Potato,DAP
Clay,5.97,35.85,151,73,74,18.26,79.91,1782.03,Potato,NPK
Clay,4.98,55.21,116,69,64,39.93,77.55,2673.32,Potato,Compost
Sandy,5.34,11.96,74,13,87,31.82,85.25,2224.89,Potato,DAP
Silt,5.1,51.75,154,46,62,15.87,39.0,1436.73,Potato,Compost
Loamy,7.99,28.4,97,10,99,28.6,69.92,2685.85,Potato,DAP
Clay,8.27,26.46,91,78,49,14.55,65.48,356.56,Potato,Zinc Sulphate
Clay,7.32,15.72,42,89,28,30.24,34.22,671.32,Potato,Urea
Sandy,8.27,24.11,99,50,67,12.4,82.04,870.04,Potato,Zinc Sulphate
Sandy,5.45,15.33,148,56,43,28.53,53.88,2095.96,Potato,Compost
Sandy,4.62,25.36,113,70,41,17.22,73.0,2036.41,Potato,Compost
Loamy,4.87,39.67,117,32,53,19.36,58.04,1579.11,Potato,DAP
Clay,5.23,25.42,106,64,10,26.29,41.4,1424.7,Potato,MOP
Clay,8.28,21.39,135,67,87,21.34,80.52,2178.22,Potato,Zinc Sulphate
Clay,8.03,40.47,127,22,75,25.29,47.08,2350.4,Potato,DAP
Sandy,7.24,45.99,58,35,55,17.32,61.33,2866.53,Potato,Urea
Clay,6.01,12.45,110,11,65,12.37,86.2,2059.23,Potato,DAP
Sandy,4.78,28.59,49,82,13,35.66,51.74,748.55,Potato,Urea
Loamy,8.3,34.97,121,33,29,14.83,31.78,2327.75,Potato,DAP
Clay,7.34,50.87,28,52,51,35.3,69.89,445.35,Potato,Urea
Loamy,6.64,51.57,115,60,91,29.5,33.93,1651.02,Potato,SSP
Silt,5.88,12.66,135,63,43,14.85,59.88,1164.45,Potato,DAP
Clay,6.46,53.61,80,32,35,35.51,30.72,870.33,Potato,DAP
Sandy,7.14,28.85,128,81,16,35.78,62.58,1673.46,Potato,MOP
Silt,8.43,12.38,113,88,93,31.38,40.96,322.46,Potato,Zinc Sulphate
Loamy,5.05,49.91,133,20,21,23.21,40.28,1469.79,Potato,DAP
Silt,5.42,11.36,118,61,93,15.72,51.09,1472.75,Potato,Compost
Sandy,8.04,16.93,127,86,42,33.02,32.36,1808.58,Potato,Zinc Sulphate
Clay,6.39,46.21,154,82,102,38.68,40.41,2973.92,Potato,NPK
Loamy,5.72,19.66,34,44,84,27.99,57.84,2182.65,Potato,Urea
Loamy,7.38,42.41,33,73,19,20.75,61.87,943.22,Potato,Urea
Sandy,5.31,50.89,132,76,99,16.16,56.7,2384.38,Potato,Compost
Silt,5.54,19.97,68,46,45,16.1,45.65,1734.09,Potato,SSP
Clay,5.02,10.61,104,63,56,13.89,79.43,380.69,Potato,Compost
Silt,7.15,47.35,149,41,39,12.62,39.36,949.42,Potato,MOP
Clay,4.85,20.66,102,85,16,34.6,88.87,644.21,Potato,MOP
Sandy,4.94,45.0,101,85,80,39.5,59.28,2041.99,Potato,Compost
Sandy,4.67,24.67,132,72,32,39.54,85.77,1811.37,Potato,MOP
Loamy,6.45,43.04,47,83,99,17.89,60.76,1976.32,Potato,Urea
Clay,6.92,57.02,92,78,67,33.31,85.38,1068.62,Potato,NPK
Clay,6.04,10.66,20,13,47,35.66,73.99,2825.54,Potato,Urea
Loamy,7.67,43.62,22,17,94,36.85,53.62,2066.43,Potato,Urea
Sandy,4.77,37.72,132,32,62,22.73,89.75,2238.61,Potato,DAP
Clay,6.12,44.13,137,75,18,30.92,45.08,1896.51,Potato,MOP
Silt,8.27,21.52,78,51,28,15.3,46.37,764.72,Potato,MOP
Loamy,7.5,50.79,116,48,39,37.04,82.41,736.45,Potato,MOP
Loamy,6.1,34.89,119,68,52,31.02,79.98,1666.33,Potato,Zinc Sulphate
Clay,7.22,24.67,51,53,16,26.97,51.09,2174.27,Potato,Urea
Sandy,6.76,36.44,27,61,107,26.7,88.93,2031.13,Potato,Urea
Clay,5.67,49.21,132,38,82,14.61,85.42,2378.81,Potato,DAP
Silt,6.4,30.52,25,89,82,24.48,62.16,1416.26,Potato,Urea
Clay,8.08,44.95,88,47,51,28.52,36.13,1884.53,Potato,Zinc Sulphate
Silt,8.23,38.57,92,69,55,34.4,62.59,925.15,Potato,Zinc Sulphate
Clay,8.05,10.45,49,70,104,35.97,40.67,981.55,Potato,Urea
Clay,6.4,56.94,60,88,91,37.71,87.38,582.44,Potato,Zinc Sulphate
Silt,8.38,51.33,52,43,94,11.55,47.66,500.37,Potato,Urea
Clay,5.24,14.06,68,44,15,19.83,60.38,2555.67,Potato,MOP
Clay,4.95,13.99,91,67,41,39.69,70.81,2809.16,Potato,Compost
Clay,7.77,33.43,84,35,75,34.33,51.55,264.66,Potato,DAP
Loamy,7.83,18.47,67,26,82,22.3,43.78,224.76,Potato,DAP
Loamy,6.21,50.56,146,63,101,39.76,69.56,1421.02,Potato,MOP
Sandy,7.55,50.41,118,18,58,18.74,65.69,2432.86,Potato,DAP
Silt,6.44,11.56,38,87,50,11.46,49.74,2102.72,Potato,Urea
Loamy,7.56,13.1,34,41,26,37.55,66.66,953.32,Potato,Urea
Sandy,4.65,49.05,87,66,45,15.31,30.06,2411.57,Potato,Compost
Silt,4.74,53.45,101,48,114,22.27,59.56,549.58,Potato,Compost
Sandy,6.23,40.81,136,35,98,18.32,52.9,2744.49,Potato,DAP
Sandy,4.66,44.88,139,32,113,27.03,33.98,496.14,Potato,DAP
Loamy,7.02,54.29,157,23,82,26.54,30.21,368.49,Rice,DAP
Loamy,7.27,46.06,42,29,74,36.81,32.37,1853.48,Rice,Urea
Loamy,7.42,38.7,98,26,69,28.29,49.78,577.6,Rice,DAP
Clay,8.15,27.74,128,32,75,29.41,56.13,2287.87,Rice,DAP
Silt,4.88,22.14,132,20,95,31.78,34.07,910.21,Rice,DAP
Sandy,6.55,30.04,52,56,57,22.08,45.92,1675.09,Rice,Urea
Sandy,7.73,17.65,93,35,15,22.41,37.52,1813.96,Rice,DAP
Silt,5.43,27.95,72,81,105,15.37,48.06,2161.94,Rice,Compost
Clay,4.74,40.69,133,48,14,17.37,61.57,514.06,Rice,MOP
Loamy,6.05,26.48,30,64,24,20.11,46.23,2109.29,Rice,Urea
Sandy,5.84,32.89,73,18,39,17.65,42.92,963.24,Rice,DAP
Silt,7.2,57.58,70,15,58,10.2,49.71,1799.96,Rice,DAP
Loamy,8.48,27.63,153,23,117,23.25,81.53,253.35,Rice,DAP
Loamy,5.08,59.38,152,61,60,28.19,50.49,2886.54,Rice,Compost
Loamy,7.07,43.09,67,10,89,10.36,44.31,300.36,Rice,DAP
Sandy,6.6,34.26,142,38,74,19.26,33.97,2150.29,Rice,DAP
Sandy,7.81,34.08,42,28,15,36.73,44.03,1291.82,Rice,Urea
Clay,6.81,59.49,25,84,115,37.56,72.63,1345.99,Rice,Urea
Sandy,4.89,47.07,125,56,76,11.89,69.52,1010.61,Rice,Compost
Sandy,5.77,56.86,143,54,92,15.1,63.06,1785.15,Rice,Zinc Sulphate
Sandy,5.47,50.87,135,30,80,36.34,89.24,1833.78,Rice,DAP
Clay,5.99,58.33,62,60,58,16.11,31.89,1658.57,Rice,SSP
Sandy,5.28,26.72,23,62,67,18.29,36.23,647.5,Rice,Urea
Loamy,7.44,46.32,29,65,18,30.89,43.71,467.98,Rice,Urea
Loamy,6.36,19.31,110,26,77,15.98,40.98,1413.37,Rice,DAP
Loamy,7.34,54.91,64,84,100,37.83,85.72,1661.96,Rice,Urea
Loamy,5.64,32.07,143,67,36,24.03,38.4,863.64,Rice,MOP
Silt,7.62,56.33,40,87,59,11.52,33.82,2371.37,Rice,Urea
Silt,6.69,30.08,115,57,108,27.3,85.65,2807.25,Rice,NPK
Loamy,7.94,34.81,108,19,59,33.08,49.64,2289.13,Rice,DAP
Silt,8.23,25.98,131,23,69,22.46,66.79,2038.49,Rice,DAP
Loamy,4.86,10.54,79,81,67,39.47,41.43,1557.72,Rice,Compost
Sandy,8.26,58.9,36,36,99,36.92,50.65,929.83,Rice,Urea
Sandy,7.21,50.61,102,40,64,12.21,56.04,2192.82,Rice,Compost
Silt,8.49,27.08,148,23,34,19.78,36.55,2430.58,Rice,DAP
Clay,5.36,27.1,124,20,53,35.36,50.82,2443.48,Rice,DAP
Loamy,5.27,10.03,65,72,15,18.86,57.04,1163.43,Rice,MOP
Sandy,5.2,24.01,112,29,37,10.17,75.14,2690.34,Rice,DAP
Sandy,7.25,48.76,116,26,100,21.89,43.2,1608.68,Rice,DAP
Clay,5.37,41.45,79,10,71,24.46,52.17,1530.98,Rice,DAP
Clay,4.65,27.4,134,63,117,28.04,60.66,2170.9,Rice,Compost
Sandy,8.06,21.03,116,26,116,38.39,69.32,1162.41,Rice,DAP
Loamy,6.0,20.78,143,45,91,15.76,58.99,2064.99,Rice,Urea
Sandy,6.2,21.18,112,51,19,28.8,82.59,2822.88,Rice,MOP
Loamy,6.44,19.69,140,29,106,17.74,35.89,1129.99,Rice,DAP
Loamy,7.18,50.07,43,13,117,25.51,33.11,1313.65,Rice,Urea
Clay,7.54,20.55,114,18,47,19.2,78.82,283.05,Rice,DAP
Sandy,5.57,15.49,63,30,26,30.38,56.71,237.76,Rice,DAP
Clay,7.77,52.6,35,42,22,37.2,54.65,2493.85,Rice,Urea
Clay,6.92,14.94,26,71,79,26.73,55.47,1373.79,Rice,Urea
Silt,7.96,39.17,22,41,85,38.06,41.67,2729.12,Rice,Urea
Silt,8.05,52.52,70,60,22,29.85,87.52,2608.95,Rice,MOP
Sandy,6.78,19.7,141,60,55,21.66,58.64,2514.18,Rice,Zinc Sulphate
Sandy,7.48,41.9,85,78,118,12.24,62.74,2383.78,Rice,NPK
Clay,5.8,47.97,105,66,49,27.21,86.29,1355.04,Rice,Zinc Sulphate
Loamy,7.96,11.71,71,57,42,34.95,75.34,951.83,Rice,Zinc Sulphate
Silt,5.22,28.08,158,41,85,32.31,85.89,584.46,Rice,Compost
Silt,8.47,12.32,27,45,112,15.98,67.74,2450.29,Rice,Urea
Loamy,7.28,38.92,128,62,26,17.22,62.69,703.67,Rice,MOP
Sandy,4.62,34.8,21,54,86,23.21,85.81,2475.11,Rice,Urea
Clay,6.21,33.65,67,34,75,22.92,57.73,2374.4,Rice,DAP
Clay,4.65,31.65,122,45,109,28.83,83.3,566.96,Rice,Compost
Clay,5.95,39.19,74,43,96,25.76,80.48,2681.36,Rice,NPK
Sandy,5.96,16.72,20,33,22,12.8,57.98,2060.2,Rice,Urea
Silt,5.24,47.34,121,87,118,29.88,83.31,967.01,Rice,Compost
Sandy,4.76,24.1,35,36,98,11.81,37.84,1427.23,Rice,Urea
Clay,5.94,31.76,100,61,76,15.35,39.83,1471.69,Rice,NPK
Clay,5.13,15.31,37,13,106,23.94,54.27,2878.25,Rice,Urea
Loamy,6.18,17.32,41,49,71,30.81,44.04,632.05,Rice,Urea
Loamy,6.42,47.47,118,64,99,22.52,45.94,2146.37,Rice,Compost
Silt,6.1,19.53,118,60,69,37.91,82.54,1826.85,Rice,NPK
Clay,5.81,57.36,58,20,59,11.31,56.87,825.07,Rice,Urea
Silt,5.08,42.28,37,86,82,35.37,37.97,2069.83,Rice,Urea
Loamy,6.03,10.76,35,75,76,27.47,42.05,1465.93,Rice,Urea
Sandy,4.86,35.41,150,67,38,22.22,44.9,2849.87,Rice,MOP
Clay,5.36,52.13,93,17,57,36.25,81.49,544.38,Rice,DAP
Loamy,5.13,44.11,94,26,91,30.1,50.24,1848.57,Rice,DAP
Clay,6.0,58.62,96,46,72,29.21,61.45,1050.54,Rice,NPK
Sandy,6.65,51.96,54,38,51,25.66,41.3,769.45,Rice,Urea
Silt,5.83,34.12,22,19,100,10.57,35.05,2192.81,Rice,Urea
Silt,5.82,21.68,83,35,80,25.96,85.8,877.5,Rice,DAP
Silt,8.49,11.58,134,84,97,29.44,34.21,443.76,Rice,Zinc Sulphate
Silt,5.35,11.57,94,59,100,16.68,46.42,346.9,Rice,Compost
Loamy,6.57,27.29,37,14,116,33.33,39.51,1780.49,Rice,Urea
Sandy,5.23,36.96,153,81,44,26.15,37.0,2498.91,Rice,Compost
Sandy,5.53,48.02,50,14,74,35.4,81.07,2101.87,Rice,Urea
Clay,4.96,27.49,72,19,70,39.74,67.18,2422.99,Rice,DAP
Silt,6.12,47.67,37,72,66,36.62,55.51,570.82,Rice,Urea
Sandy,4.65,32.45,124,37,78,34.82,83.45,251.66,Rice,DAP
Loamy,6.21,54.77,107,61,57,33.65,53.59,2349.32,Rice,NPK
Silt,6.79,26.71,51,50,17,10.06,84.24,1427.51,Rice,Urea
Clay,4.83,35.46,115,59,52,37.7,39.23,2431.09,Rice,Compost
Clay,6.95,34.58,61,61,106,18.3,46.42,2637.26,Rice,Zinc Sulphate
Clay,6.61,41.69,70,56,67,17.3,84.76,919.94,Rice,NPK
Clay,5.56,59.22,56,29,92,38.76,70.47,2576.31,Rice,Urea
Sandy,4.88,26.5,126,70,98,19.11,30.62,1521.53,Rice,Compost
Sandy,6.87,11.1,87,79,39,33.09,84.55,2693.75,Rice,MOP
Sandy,7.95,42.06,74,86,52,33.42,35.94,1675.18,Rice,Zinc Sulphate
Silt,6.0,53.02,124,77,83,20.35,41.92,402.36,Rice,Zinc Sulphate
Loamy,4.88,47.31,132,11,94,28.47,30.72,1410.59,Rice,DAP
Clay,6.67,58.78,31,55,98,39.29,82.2,1431.93,Rice,Urea
Loamy,6.15,25.47,37,69,32,13.8,39.03,1873.28,Rice,Urea
Clay,4.9,11.62,36,29,108,14.34,73.78,2815.58,Rice,Urea
Loamy,6.39,39.74,51,27,66,34.19,68.04,1817.66,Rice,Urea
Clay,6.34,34.21,112,85,54,28.52,57.59,1684.43,Rice,Zinc Sulphate
Clay,7.89,45.66,23,50,27,23.54,41.69,720.7,Rice,Urea
Sandy,6.7,34.07,108,32,51,18.29,41.36,2694.19,Rice,DAP
Sandy,7.7,24.96,142,43,50,18.64,34.18,842.73,Rice,Compost
Silt,6.68,59.67,108,19,31,10.97,48.47,2861.54,Rice,DAP
Loamy,7.91,26.69,50,80,72,29.72,77.31,1812.46,Rice,Urea
Loamy,6.18,24.7,125,57,43,27.78,50.7,329.0,Rice,Compost
Silt,5.16,40.54,109,80,46,22.29,58.59,2722.84,Rice,Compost
Loamy,5.97,53.32,88,67,87,34.27,45.11,2846.63,Rice,Zinc Sulphate
Clay,4.71,53.99,134,83,82,26.97,62.6,2288.98,Rice,Compost
Clay,7.46,18.86,37,24,96,11.91,82.92,1670.13,Rice,Urea
Silt,6.92,18.26,35,10,80,16.12,74.23,1890.35,Rice,Urea
Clay,7.2,59.93,147,52,32,17.4,40.11,1560.57,Rice,MOP
Loamy,5.43,37.35,130,72,19,29.23,60.99,2300.61,Rice,MOP
Loamy,6.13,22.39,117,79,58,34.57,80.96,1629.74,Rice,NPK
Sandy,5.94,33.56,113,14,25,16.01,61.69,2421.19,Rice,DAP
Sandy,6.29,57.08,133,41,47,37.2,37.67,1972.72,Rice,Compost
Sandy,5.53,21.32,78,37,60,18.8,50.14,285.95,Rice,DAP
Clay,5.65,48.97,97,43,27,13.63,67.83,712.91,Rice,MOP
Silt,8.2,47.45,20,13,49,34.76,78.62,508.74,Rice,Urea
Loamy,6.37,45.34,93,21,70,13.11,66.95,798.27,Rice,DAP
Silt,7.45,20.59,158,72,99,19.7,51.53,1476.16,Rice,MOP
Sandy,8.42,13.77,55,44,18,19.06,85.04,503.23,Rice,Urea
Sandy,4.82,41.42,125,86,37,11.77,49.45,2890.7,Rice,MOP
Sandy,4.66,36.46,129,71,68,19.82,70.98,636.25,Rice,Compost
Sandy,7.52,51.44,72,52,54,29.32,84.06,237.68,Rice,Compost
Sandy,8.11,40.9,90,26,29,29.6,33.13,1887.26,Rice,DAP
Loamy,7.53,27.1,30,28,68,19.3,49.05,2823.71,Rice,Urea
Silt,4.54,40.26,87,34,49,33.87,81.74,2548.31,Rice,DAP
Sandy,4.95,19.8,36,68,48,34.72,70.55,1841.1,Rice,Urea
Silt,7.38,50.49,102,57,65,27.81,83.53,1275.65,Rice,NPK
Sandy,8.11,47.09,126,62,28,30.92,43.54,2023.48,Rice,MOP
Sandy,4.8,15.56,114,54,37,35.02,70.04,1466.95,Rice,MOP
Sandy,7.57,21.88,47,71,76,21.27,46.23,1474.07,Rice,Urea
Silt,7.31,11.49,57,19,102,15.83,49.99,2556.39,Rice,Urea
Silt,7.43,21.74,28,76,96,37.13,37.38,1007.4,Rice,Urea
Clay,5.41,28.59,33,86,24,34.54,36.16,1649.13,Rice,Urea
Sandy,7.65,38.3,102,41,99,23.99,74.04,1330.74,Rice,NPK
Loamy,6.96,44.13,106,37,36,28.43,77.18,426.18,Rice,DAP
Silt,5.01,34.87,112,18,70,36.47,84.39,302.09,Rice,DAP
Silt,8.09,34.08,61,18,108,34.54,32.36,1363.66,Rice,DAP
Sandy,6.71,40.9,44,45,96,22.96,47.0,2529.94,Rice,Urea
Loamy,8.08,34.66,88,76,21,37.52,82.76,1673.47,Rice,MOP
Loamy,6.72,37.66,152,76,89,38.33,68.72,1451.51,Rice,MOP
Loamy,5.0,27.95,32,60,75,39.53,78.42,2553.83,Rice,Urea
Clay,6.51,12.73,51,71,26,12.59,69.65,248.49,Rice,Urea
Loamy,7.65,21.68,36,30,92,37.59,70.45,2209.61,Rice,Urea
Clay,4.62,42.13,27,39,33,29.82,53.27,2570.7,Rice,Urea
Silt,6.02,21.03,139,88,30,10.73,84.45,1860.08,Rice,MOP
Silt,7.85,11.01,57,17,67,18.68,64.69,2937.84,Rice,Urea
Clay,4.67,15.66,108,81,83,33.32,62.94,2266.3,Rice,Compost
Silt,7.46,34.56,51,60,11,24.78,83.34,2479.01,Rice,Urea
Sandy,6.86,58.28,142,29,118,28.26,38.13,855.31,Rice,DAP
Clay,5.24,22.37,151,47,70,36.81,66.91,2411.95,Rice,Compost
Sandy,5.65,42.21,33,21,88,16.24,69.04,1781.75,Rice,Urea
Clay,4.54,44.21,49,61,35,33.51,85.82,2339.62,Rice,Urea
Clay,7.6,17.18,119,55,110,19.95,88.57,2460.22,Rice,MOP
Sandy,5.23,36.19,47,65,114,15.06,82.2,2246.99,Rice,Urea
Silt,8.34,51.16,115,45,89,36.08,79.26,1337.44,Rice,Zinc Sulphate
Silt,6.71,30.36,58,12,49,24.64,67.24,1242.75,Rice,Urea
Loamy,4.84,39.31,71,24,45,17.32,49.53,738.97,Rice,DAP
Sandy,7.6,12.89,128,56,111,30.86,85.77,2116.89,Rice,NPK
Loamy,6.7,54.91,136,41,78,38.65,35.49,455.78,Rice,NPK
Sandy,5.12,15.58,153,57,16,39.28,86.93,451.79,Rice,MOP
Clay,7.08,46.34,86,30,12,22.19,76.14,2352.82,Rice,DAP
Sandy,6.0,55.25,34,12,52,20.57,74.38,667.82,Rice,Urea
Loamy,8.33,24.9,56,48,45,23.32,58.77,2433.93,Rice,Urea
Silt,7.23,43.42,78,79,65,37.96,33.72,1124.43,Rice,Compost
Silt,5.44,51.0,57,39,31,10.4,62.85,1564.04,Rice,Urea
Clay,6.17,32.29,146,30,56,22.16,75.72,2275.64,Rice,DAP
Loamy,5.1,40.57,37,27,48,30.33,53.8,1049.2,Rice,Urea
Clay,6.11,56.84,34,88,106,28.91,74.25,1474.92,Rice,Urea
Loamy,4.85,17.09,49,83,119,24.6,37.46,336.45,Rice,Urea
Sandy,7.33,57.52,37,18,103,34.64,47.66,1009.03,Rice,Urea
Silt,4.82,55.77,158,35,62,24.08,77.88,2780.41,Rice,DAP
Loamy,6.85,26.9,40,89,47,14.1,60.02,2625.96,Rice,Urea
Loamy,8.39,38.92,69,36,20,10.13,80.65,415.53,Rice,DAP
Silt,5.79,26.39,147,22,92,19.59,78.21,595.49,Rice,DAP
Clay,8.25,36.88,45,89,64,27.63,48.2,1874.92,Rice,Urea
Silt,7.29,13.16,154,42,104,36.05,78.97,1190.89,Rice,DAP
Silt,6.73,40.49,47,22,75,31.35,77.58,417.83,Rice,Urea
Sandy,7.19,27.74,55,75,54,13.88,74.15,1514.71,Rice,Urea
Clay,4.93,19.78,152,47,72,21.06,37.35,1784.84,Rice,Compost
Silt,7.02,48.0,32,64,85,19.21,54.91,2614.61,Rice,Urea
Sandy,8.21,39.31,67,89,43,18.96,68.76,1165.01,Rice,Zinc Sulphate
Sandy,8.08,55.23,44,61,58,39.53,68.24,2679.63,Rice,Urea
Sandy,4.77,58.32,122,79,119,28.77,75.65,2446.12,Rice,Compost
Silt,5.34,31.7,120,41,57,37.08,77.57,1802.42,Rice,Compost
Clay,5.7,11.3,86,50,70,39.49,62.52,2132.73,Rice,Urea
Sandy,6.82,25.85,111,45,18,36.0,82.28,2996.53,Rice,MOP
Clay,8.33,52.24,48,31,59,25.71,35.28,552.71,Rice,Urea
Clay,5.04,17.65,159,48,41,28.41,57.03,1799.64,Rice,Compost
Clay,7.53,25.17,44,84,43,15.41,62.84,554.84,Rice,Urea
Sandy,7.53,14.0,132,84,107,38.17,81.06,2791.11,Rice,SSP
Clay,8.37,17.35,36,28,107,24.64,35.18,1388.56,Rice,Urea
Sandy,8.47,43.34,69,22,94,37.6,42.43,1641.47,Rice,DAP
Clay,4.8,42.07,129,58,29,31.61,47.21,2450.4,Rice,MOP
Sandy,7.38,34.67,24,70,66,29.96,56.65,1666.45,Rice,Urea
Silt,7.27,32.53,89,69,58,32.92,37.83,2281.4,Rice,Zinc Sulphate
Silt,6.68,13.26,35,11,43,37.26,68.38,2306.34,Rice,Urea
Loamy,8.24,25.45,21,89,66,14.65,57.78,920.34,Rice,Urea
Loamy,8.35,49.47,80,31,109,29.43,46.88,2849.92,Rice,DAP
Sandy,6.67,51.6,159,70,27,39.09,55.94,1293.82,Rice,MOP
Sandy,6.27,42.61,78,50,113,17.56,48.29,924.54,Rice,DAP
Clay,8.03,31.83,30,44,105,19.11,42.97,2463.97,Rice,Urea
Clay,7.64,29.42,120,10,101,37.8,65.26,972.71,Rice,DAP
Sandy,6.2,52.32,80,10,97,19.57,69.21,1654.61,Rice,DAP
Silt,6.77,37.0,70,42,93,23.35,71.65,1055.01,Rice,NPK
Loamy,7.5,30.47,115,14,34,16.28,69.94,1481.53,Rice,DAP
Sandy,4.54,35.8,23,10,111,38.03,70.71,1786.38,Rice,Urea
Clay,5.34,11.66,56,25,78,24.71,73.31,1084.08,Rice,Urea
Loamy,7.62,14.18,117,70,93,28.61,80.14,2097.68,Rice,NPK
Clay,7.5,15.61,60,45,65,11.29,70.75,287.83,Rice,NPK
Clay,7.43,38.73,106,65,19,38.96,64.17,2487.19,Rice,MOP
Silt,8.38,41.98,140,37,59,15.09,57.39,884.37,Rice,DAP
Silt,5.08,24.22,94,45,75,23.41,57.55,1594.17,Rice,Compost
Clay,8.3,14.23,103,52,62,26.49,49.26,427.83,Rice,Zinc Sulphate
Sandy,4.89,10.2,42,63,105,16.85,30.04,2019.37,Rice,Urea
Loamy,7.75,59.21,40,63,81,27.37,70.21,2967.9,Rice,Urea
Loamy,7.11,59.64,104,79,23,14.28,47.22,2161.46,Rice,MOP
Sandy,8.05,20.47,49,70,19,33.6,87.68,1701.64,Rice,Urea
Loamy,8.24,24.63,62,44,54,27.3,55.97,1094.27,Rice,Zinc Sulphate
Clay,7.6,36.36,69,16,94,18.17,85.21,2841.64,Rice,DAP
Silt,5.44,35.32,128,87,70,15.44,33.61,336.54,Rice,Compost
Silt,6.64,26.23,83,35,63,23.23,32.06,287.33,Rice,DAP
Sandy,7.99,46.89,136,45,105,27.57,57.95,618.93,Rice,Zinc Sulphate
Sandy,7.31,30.37,31,35,55,30.91,66.29,233.95,Rice,Urea
Silt,7.56,14.31,140,60,60,38.56,88.55,2053.41,Rice,Urea
Sandy,7.83,18.01,120,89,29,35.46,74.86,1723.6,Rice,MOP
Silt,7.72,59.83,136,73,47,39.66,60.73,1373.74,Rice,NPK
Sandy,4.93,14.64,73,60,26,28.57,54.48,2299.32,Rice,MOP
Sandy,6.14,41.7,99,32,99,26.17,31.88,2894.78,Rice,DAP
Sandy,6.11,22.48,41,67,103,27.35,67.02,2950.23,Rice,Urea
Loamy,6.85,27.09,24,65,72,13.26,84.06,2840.56,Rice,Urea
Loamy,5.66,54.21,35,68,61,26.21,40.97,1391.69,Rice,Urea
Sandy,6.27,25.11,121,10,108,36.41,33.79,560.38,Rice,DAP
Silt,5.02,31.69,56,66,11,33.88,84.16,2131.38,Rice,Urea
Loamy,6.48,12.22,144,89,21,27.74,43.3,605.07,Rice,MOP
Sandy,6.96,56.78,92,36,107,13.11,58.41,1469.57,Rice,DAP
Silt,8.31,23.03,120,69,110,20.11,83.5,1138.96,Rice,Zinc Sulphate
Silt,7.93,17.94,145,73,77,36.62,76.94,305.93,Rice,Zinc Sulphate
Clay,8.27,52.47,47,26,17,30.64,79.02,2491.92,Rice,Urea
Clay,5.94,42.09,95,81,41,32.15,64.54,2971.31,Rice,DAP
Silt,4.56,15.66,147,76,20,23.95,32.05,470.66,Rice,MOP
Loamy,8.18,15.62,90,85,35,30.72,64.17,2569.29,Rice,MOP
Sandy,8.1,18.8,26,32,99,21.21,76.24,1046.2,Rice,Urea
Silt,8.04,15.55,118,11,70,32.79,76.23,2991.73,Rice,DAP
Silt,4.66,36.4,97,26,101,13.97,75.14,2585.73,Rice,DAP
Loamy,6.54,27.29,116,82,60,36.23,76.67,1999.98,Rice,NPK
Sandy,6.85,13.81,152,51,117,10.05,51.48,285.42,Rice,MOP
Silt,6.73,32.78,71,17,80,38.81,72.59,1794.38,Rice,DAP
Clay,5.05,58.28,150,61,118,22.77,34.12,639.03,Rice,Compost
Clay,6.68,36.87,69,80,75,17.96,33.15,2556.58,Rice,NPK
Silt,6.65,54.0,141,53,60,32.08,45.41,765.95,Rice,NPK
Sandy,6.09,27.7,115,48,71,30.47,32.29,1159.48,Rice,MOP
Silt,7.92,11.08,77,88,10,27.06,61.66,1939.0,Rice,MOP
Silt,7.76,43.85,37,68,116,14.35,31.94,201.77,Rice,Urea
Loamy,7.53,16.11,53,81,62,18.07,59.98,2211.43,Rice,Urea
Sandy,6.83,48.71,81,26,65,26.25,73.87,2855.68,Rice,DAP
Sandy,6.51,14.4,33,21,34,36.16,44.46,1920.38,Rice,Urea
Clay,5.63,31.29,37,21,16,27.62,32.34,895.31,Rice,Urea
Clay,6.07,49.15,111,78,66,29.35,87.42,1424.03,Rice,NPK
Clay,6.25,21.62,70,13,85,20.45,67.68,277.99,Rice,DAP
Sandy,7.1,33.17,121,25,117,32.04,59.42,903.09,Rice,DAP
Clay,5.91,17.87,43,13,51,28.79,60.28,1958.93,Rice,Urea
Silt,7.12,56.52,119,18,42,34.13,83.15,1063.73,Rice,DAP
Loamy,7.36,54.63,37,89,46,10.32,44.07,1000.9,Rice,Urea
Sandy,5.16,58.67,54,69,114,26.88,80.56,2041.91,Rice,Urea
Loamy,4.58,48.61,121,88,32,12.16,58.76,653.98,Rice,MOP
Loamy,7.08,20.15,156,64,100,39.3,39.73,2675.15,Rice,DAP
Silt,6.38,52.26,107,63,112,34.17,50.16,1288.06,Rice,Compost
Loamy,7.27,18.63,40,51,60,36.01,39.16,2489.06,Rice,Urea
Silt,5.57,37.54,155,49,81,14.4,82.56,2625.16,Rice,NPK
Clay,5.74,52.59,69,55,54,15.47,41.85,1961.11,Rice,NPK
Sandy,7.26,56.44,103,28,24,17.81,57.24,2759.63,Rice,DAP
Sandy,6.79,24.08,121,32,118,14.63,38.66,703.82,Rice,DAP
Sandy,7.37,23.53,133,47,104,22.42,69.31,1451.56,Rice,Compost
Clay,4.52,33.87,33,37,19,24.92,68.47,785.54,Rice,Urea
Loamy,5.53,46.94,39,47,22,18.76,59.32,1783.76,Rice,Urea
Silt,7.63,59.0,63,24,25,26.65,57.85,1253.1,Rice,DAP
Sandy,8.23,31.72,122,22,41,37.72,66.6,1365.48,Rice,DAP
Loamy,5.81,58.53,136,29,54,15.0,62.63,995.08,Rice,DAP
Loamy,4.69,33.96,32,54,118,22.43,35.52,2527.06,Rice,Urea
Loamy,6.1,25.15,63,31,56,23.94,77.41,479.97,Rice,DAP
Silt,5.4,26.67,27,46,78,30.79,31.01,1397.79,Rice,Urea
Loamy,5.65,29.18,28,89,21,17.07,88.85,1826.05,Rice,Urea
Sandy,6.62,37.14,140,66,53,22.5,89.08,1614.44,Rice,NPK
Silt,5.69,49.79,61,50,60,16.11,31.49,955.09,Rice,Zinc Sulphate
Sandy,7.16,31.69,133,48,13,23.61,64.62,2294.54,Rice,MOP
Silt,4.6,58.33,87,63,86,14.4,49.0,1231.42,Rice,Compost
Loamy,6.21,42.66,95,53,16,23.96,80.31,2323.26,Rice,MOP
Silt,5.04,22.64,143,49,48,37.02,36.63,1725.7,Rice,Compost
Loamy,7.55,15.27,81,69,55,33.61,69.74,384.26,Rice,Urea
Loamy,5.97,34.09,121,69,102,19.56,60.15,2858.67,Rice,DAP
Loamy,6.67,56.0,27,46,29,23.32,50.69,1613.18,Rice,Urea
Sandy,8.06,40.35,47,58,31,25.0,88.96,2482.22,Rice,Urea
Silt,6.36,23.84,156,29,72,26.48,70.52,2511.7,Sugarcane,DAP
Loamy,5.55,15.37,33,17,72,30.04,40.31,1662.51,Sugarcane,Urea
Loamy,7.47,43.58,90,82,29,17.54,57.53,748.42,Sugarcane,MOP
Clay,5.01,56.7,133,25,79,37.18,57.23,1552.24,Sugarcane,DAP
Clay,4.79,53.84,78,58,86,17.02,38.26,2143.9,Sugarcane,Compost
Sandy,7.19,57.58,53,43,26,16.43,63.06,1649.51,Sugarcane,Urea
Silt,5.77,35.92,137,69,16,28.33,80.69,988.68,Sugarcane,MOP
Loamy,5.2,52.38,95,47,118,23.79,64.01,736.3,Sugarcane,Compost
Sandy,7.93,41.49,46,81,31,12.79,42.39,1683.42,Sugarcane,Urea
Silt,8.42,34.9,21,65,41,27.54,82.46,879.38,Sugarcane,Urea
Silt,5.36,46.65,64,37,101,33.1,82.44,2166.88,Sugarcane,DAP
Clay,4.94,28.58,101,68,70,29.09,65.51,2440.44,Sugarcane,Compost
Clay,7.91,11.09,149,13,12,26.67,41.16,1435.53,Sugarcane,DAP
Clay,4.83,53.75,137,36,113,12.23,34.44,864.57,Sugarcane,DAP
Sandy,7.75,17.43,23,79,94,13.77,69.06,2299.74,Sugarcane,Urea
Loamy,6.75,28.89,158,44,59,15.73,51.09,2854.21,Sugarcane,SSP
Loamy,6.4,40.6,56,81,117,35.24,30.16,1438.17,Sugarcane,Urea
Silt,6.94,13.14,115,52,40,39.51,44.87,1225.21,Sugarcane,NPK
Loamy,6.66,18.14,77,57,55,15.3,62.38,1020.75,Sugarcane,Zinc Sulphate
Sandy,5.84,11.66,95,10,103,25.3,60.47,2167.76,Sugarcane,DAP
Sandy,5.04,35.71,106,11,117,37.83,41.32,1912.27,Sugarcane,DAP
Clay,7.4,21.47,126,80,10,21.09,45.01,964.61,Sugarcane,MOP
Sandy,7.37,19.03,87,74,112,32.18,50.11,2924.27,Sugarcane,Zinc Sulphate
Sandy,6.13,23.58,54,61,38,31.63,78.83,1306.97,Sugarcane,Urea
Loamy,5.67,35.73,39,65,80,15.44,47.15,689.01,Sugarcane,Urea
Silt,7.74,53.93,57,20,65,24.33,41.39,2779.82,Sugarcane,Urea
Clay,8.08,46.72,58,72,118,12.77,58.22,994.87,Sugarcane,Urea
Silt,4.69,36.9,79,56,39,31.11,88.02,220.91,Sugarcane,MOP
Silt,6.39,23.81,64,71,103,34.3,39.63,861.43,Sugarcane,NPK
Silt,4.57,51.62,98,85,18,21.87,38.51,2738.02,Sugarcane,MOP
Loamy,6.0,47.32,44,72,39,19.91,87.67,1960.3,Sugarcane,Urea
Sandy,4.8,44.79,47,23,42,33.28,52.44,1306.04,Sugarcane,Urea
Loamy,5.2,28.92,80,87,45,26.32,77.0,2350.92,Sugarcane,Compost
Sandy,5.18,45.43,87,28,26,14.51,71.43,1229.91,Sugarcane,DAP
Sandy,7.02,19.12,95,64,56,14.79,77.14,1598.45,Sugarcane,NPK
Loamy,4.57,17.25,26,67,61,34.96,45.36,499.03,Sugarcane,Urea
Loamy,6.82,39.31,78,71,41,25.12,50.82,1754.09,Sugarcane,DAP
Loamy,5.61,34.12,127,50,21,22.5,85.77,2032.23,Sugarcane,MOP
Clay,6.78,28.38,44,23,63,11.78,38.49,954.9,Sugarcane,Urea
Clay,4.67,27.97,22,31,32,15.87,89.2,371.17,Sugarcane,Urea
Clay,7.22,24.54,109,56,53,26.66,62.49,257.25,Sugarcane,SSP
Silt,6.62,10.98,150,32,55,10.0,50.78,1074.28,Sugarcane,DAP
Silt,7.15,57.54,62,35,50,12.53,48.28,1742.49,Sugarcane,DAP
Sandy,6.14,11.51,44,26,117,26.01,84.34,341.57,Sugarcane,Urea
Clay,6.14,33.33,36,62,115,18.89,50.06,1376.1,Sugarcane,Urea
Sandy,6.82,59.64,158,31,97,14.37,79.22,2250.57,Sugarcane,DAP
Clay,7.37,17.79,33,27,61,17.57,36.79,2753.53,Sugarcane,Urea
Loamy,6.52,56.69,101,41,38,31.21,60.21,2567.42,Sugarcane,MOP
Clay,5.22,37.86,87,54,101,25.66,38.86,1351.52,Sugarcane,Compost
Clay,7.51,19.63,69,67,65,33.57,42.7,2380.5,Sugarcane,NPK
Silt,6.38,19.65,62,39,38,34.63,82.4,205.14,Sugarcane,DAP
Silt,6.54,34.41,47,68,81,25.3,63.48,1994.08,Sugarcane,Urea
Clay,6.55,46.9,148,89,110,10.36,51.78,2615.29,Sugarcane,Compost
Silt,5.51,25.65,53,69,59,39.15,42.67,2464.44,Sugarcane,Urea
Clay,5.77,48.96,50,24,74,39.84,62.56,2000.9,Sugarcane,Urea
Loamy,7.91,39.44,156,65,41,34.54,58.6,1210.54,Sugarcane,Zinc Sulphate
Sandy,5.58,55.16,131,80,33,29.97,66.72,1590.0,Sugarcane,MOP
Clay,5.28,51.01,56,39,112,24.2,60.52,1522.92,Sugarcane,Urea
Silt,6.93,25.53,140,48,107,26.98,75.23,1537.12,Sugarcane,Compost
Clay,8.32,53.27,95,80,18,16.85,39.27,2394.21,Sugarcane,MOP
Silt,7.97,53.2,62,25,59,18.99,76.09,1512.46,Sugarcane,DAP
Silt,6.92,38.0,48,82,105,15.84,55.59,2723.61,Sugarcane,Urea
Sandy,5.48,45.59,26,33,49,21.99,81.3,1289.91,Sugarcane,Urea
Clay,5.75,35.18,98,82,46,21.48,43.27,692.49,Sugarcane,Urea
Silt,5.62,13.11,157,54,35,20.8,61.48,998.41,Sugarcane,MOP
Clay,6.88,23.94,112,42,83,10.56,54.39,227.93,Sugarcane,MOP
Clay,5.22,29.99,92,48,24,11.07,51.22,1200.99,Sugarcane,MOP
Loamy,4.76,35.28,145,17,105,19.04,80.8,2205.38,Sugarcane,DAP
Silt,4.65,16.79,142,50,108,13.92,81.68,1919.9,Sugarcane,Compost
Loamy,5.01,35.57,132,64,53,34.65,44.64,2125.18,Sugarcane,Compost
Silt,5.18,33.22,91,76,76,25.81,77.35,2576.52,Sugarcane,Compost
Sandy,5.38,49.78,35,11,96,20.36,80.99,1885.07,Sugarcane,Urea
Silt,7.08,46.59,33,42,20,22.86,61.09,2874.91,Sugarcane,Urea
Sandy,5.38,54.68,129,46,36,34.39,56.19,278.13,Sugarcane,MOP
Loamy,8.46,36.01,75,15,77,29.18,88.01,2552.12,Sugarcane,DAP
Silt,5.52,20.19,28,27,79,33.95,80.24,2079.52,Sugarcane,Urea
Sandy,7.69,51.29,127,84,22,27.18,55.52,2400.88,Sugarcane,MOP
Loamy,6.93,28.75,47,74,76,17.4,66.89,1750.6,Sugarcane,Urea
Sandy,5.31,10.76,27,16,78,32.34,87.19,1636.6,Sugarcane,Urea
Loamy,4.93,35.55,43,51,63,13.85,48.36,369.91,Sugarcane,Urea
Sandy,6.94,31.71,105,35,46,22.58,50.12,1315.83,Sugarcane,DAP
Clay,5.35,23.98,53,25,93,12.02,81.85,2579.63,Sugarcane,Urea
Clay,6.23,37.72,66,27,60,35.24,51.28,882.68,Sugarcane,DAP
Sandy,4.56,59.27,20,39,19,18.83,84.16,2262.99,Sugarcane,Urea
Clay,6.12,45.05,97,50,57,11.42,76.35,1729.13,Sugarcane,MOP
Clay,7.98,33.75,72,18,106,26.48,31.27,1911.98,Sugarcane,DAP
Silt,5.54,10.55,67,45,25,37.71,80.25,2486.1,Sugarcane,MOP
Clay,5.3,19.1,101,54,107,32.48,62.05,2189.6,Sugarcane,Compost
Sandy,8.17,41.53,120,71,112,33.5,57.32,310.76,Sugarcane,Zinc Sulphate
Clay,4.71,19.58,66,17,58,10.47,69.16,2590.69,Sugarcane,DAP
Sandy,6.88,44.83,80,36,70,11.44,80.03,903.45,Sugarcane,DAP
Clay,7.99,40.54,148,20,42,37.65,38.52,862.44,Sugarcane,DAP
Loamy,5.53,15.77,132,57,86,30.95,45.55,717.34,Sugarcane,NPK
Loamy,6.78,21.6,39,86,97,37.49,64.77,2447.66,Sugarcane,Urea
Silt,6.03,27.54,155,75,96,30.84,42.81,1313.88,Sugarcane,NPK
Clay,8.32,45.86,43,15,55,14.07,51.32,2433.5,Sugarcane,Urea
Loamy,5.79,12.55,77,43,99,36.11,58.58,1499.65,Sugarcane,SSP
Clay,6.54,18.56,22,46,16,35.34,68.7,1964.94,Sugarcane,Urea
Sandy,5.58,13.44,53,38,19,22.8,31.37,930.06,Sugarcane,Urea
Sandy,5.54,35.44,121,80,17,14.11,64.61,494.45,Sugarcane,MOP
Loamy,6.87,18.18,142,11,78,37.35,66.43,1573.7,Sugarcane,DAP
Clay,7.88,34.04,111,49,41,36.22,61.72,2172.24,Sugarcane,Zinc Sulphate
Clay,7.16,10.88,41,41,110,38.58,50.74,1719.59,Sugarcane,Urea
Loamy,4.78,12.28,89,34,95,21.36,68.59,227.95,Sugarcane,DAP
Clay,4.81,49.52,83,29,12,18.03,43.34,2205.34,Sugarcane,DAP
Clay,8.17,25.97,85,52,112,20.07,32.62,719.76,Sugarcane,Zinc Sulphate
Silt,8.48,20.42,86,68,59,27.71,43.32,2229.99,Sugarcane,Zinc Sulphate
Sandy,6.49,19.62,112,48,19,29.65,83.3,1925.46,Sugarcane,MOP
Clay,6.14,31.58,124,48,96,34.87,67.25,2406.79,Sugarcane,NPK
Silt,7.95,58.72,43,87,94,15.86,81.25,291.69,Sugarcane,Urea
Loamy,7.92,43.94,35,71,64,14.49,35.6,2358.22,Sugarcane,Urea
Clay,6.44,43.88,63,21,30,19.48,45.32,1268.91,Sugarcane,DAP
Clay,7.88,11.15,84,70,10,20.09,39.14,2517.21,Sugarcane,MOP
Silt,7.77,13.81,128,22,73,16.25,75.54,2204.09,Sugarcane,DAP
Sandy,7.99,46.11,116,77,74,19.73,56.47,1531.82,Sugarcane,Zinc Sulphate
Sandy,5.51,24.75,35,81,21,34.22,71.38,1415.39,Sugarcane,Urea
Clay,8.01,13.85,154,66,119,27.26,39.14,2214.97,Sugarcane,Zinc Sulphate
Loamy,6.88,46.78,85,31,56,17.2,82.63,2966.01,Sugarcane,DAP
Clay,8.33,33.44,157,55,101,24.1,88.73,1208.15,Sugarcane,Zinc Sulphate
Loamy,6.52,27.62,139,46,111,25.18,53.68,1208.49,Sugarcane,NPK
Sandy,5.51,40.81,152,17,106,18.63,44.87,2388.2,Sugarcane,DAP
Loamy,6.52,32.21,76,69,118,25.15,65.68,2859.75,Sugarcane,Zinc Sulphate
Loamy,8.11,47.82,99,18,66,33.78,38.46,2033.33,Sugarcane,DAP
Sandy,7.36,46.91,100,54,39,16.46,35.84,1436.36,Sugarcane,MOP
Clay,6.88,14.66,143,82,103,32.54,74.05,1026.21,Sugarcane,Compost
Silt,5.29,45.83,119,34,37,29.86,49.2,1749.46,Sugarcane,DAP
Sandy,4.92,18.49,62,23,117,21.99,42.2,572.38,Sugarcane,DAP
Clay,6.78,10.32,131,72,116,18.92,62.92,520.93,Sugarcane,DAP
Loamy,6.55,24.9,136,26,90,38.26,86.65,1664.58,Sugarcane,DAP
Clay,4.9,16.95,155,62,65,24.41,83.79,1314.2,Sugarcane,Compost
Sandy,7.53,14.01,136,26,84,31.98,46.95,2637.14,Sugarcane,DAP
Clay,7.47,57.31,109,13,60,29.73,66.72,2415.53,Sugarcane,DAP
Loamy,7.79,41.23,91,86,91,23.91,47.28,815.3,Sugarcane,DAP
Loamy,8.09,12.34,77,41,88,11.14,50.02,2848.34,Sugarcane,Zinc Sulphate
Sandy,7.99,25.92,71,24,71,24.53,47.52,2125.9,Sugarcane,DAP
Clay,8.42,37.36,99,11,72,15.07,47.1,2599.6,Sugarcane,DAP
Clay,4.66,50.65,72,23,37,25.58,64.32,1261.73,Sugarcane,DAP
Loamy,6.72,11.44,72,79,58,23.68,83.88,961.92,Sugarcane,Compost
Sandy,5.09,39.06,81,45,19,22.41,47.76,866.62,Sugarcane,MOP
Sandy,6.88,10.16,50,21,36,30.08,67.74,569.89,Sugarcane,Urea
Sandy,5.28,21.54,84,26,96,18.26,77.59,2585.67,Sugarcane,DAP
Clay,7.09,10.83,95,26,29,30.09,75.02,1166.79,Sugarcane,DAP
Silt,5.57,41.32,79,53,40,15.34,37.7,1713.99,Sugarcane,NPK
Silt,5.97,35.55,84,72,65,24.12,44.03,1242.16,Sugarcane,DAP
Loamy,6.87,59.74,119,85,88,26.94,59.26,1102.01,Sugarcane,MOP
Sandy,5.56,51.25,84,81,46,35.99,72.46,2492.26,Sugarcane,Zinc Sulphate
Loamy,4.71,58.32,158,27,93,31.34,76.7,1096.97,Sugarcane,DAP
Silt,7.75,44.51,89,22,38,33.35,82.81,972.95,Sugarcane,DAP
Silt,5.47,13.45,64,51,23,28.58,46.43,2098.97,Sugarcane,MOP
Loamy,6.41,20.91,49,11,45,19.0,54.63,362.45,Sugarcane,Urea
Clay,7.9,25.9,38,10,46,25.68,85.55,510.6,Sugarcane,Urea
Sandy,7.42,19.48,48,54,50,17.8,38.13,1147.52,Sugarcane,Urea
Clay,4.69,44.31,25,47,10,23.6,78.1,2153.21,Sugarcane,Urea
Loamy,5.3,38.2,124,13,90,15.21,75.29,1738.8,Sugarcane,DAP
Sandy,6.98,25.63,33,35,31,18.07,77.56,1371.46,Sugarcane,Urea
Silt,5.32,38.15,113,82,13,29.83,65.33,1952.25,Sugarcane,MOP
Sandy,4.97,49.12,38,16,95,21.78,33.8,2816.53,Sugarcane,Urea
Silt,6.17,50.01,150,28,42,38.34,52.67,2797.44,Sugarcane,DAP
Sandy,7.95,54.89,56,61,23,11.24,33.34,2933.68,Sugarcane,Urea
Clay,5.72,57.34,37,38,119,11.62,64.43,2393.49,Sugarcane,Urea
Sandy,8.2,41.99,30,40,59,23.79,31.23,2425.62,Sugarcane,Urea
Silt,5.64,56.18,105,55,53,16.75,73.17,2847.5,Sugarcane,Zinc Sulphate
Silt,6.65,39.47,47,79,99,31.88,35.28,2743.21,Sugarcane,Urea
Sandy,6.63,48.61,134,39,84,19.7,37.56,553.21,Sugarcane,DAP
Silt,6.37,47.26,123,45,44,17.38,67.22,1223.88,Sugarcane,NPK
Silt,5.28,37.66,107,52,80,27.6,64.6,2918.32,Sugarcane,Compost
Loamy,6.16,56.92,29,47,23,16.12,36.48,1549.23,Sugarcane,Urea
Loamy,6.34,38.91,136,72,111,25.94,77.02,2479.47,Sugarcane,NPK
Sandy,8.39,30.27,149,56,36,16.12,84.51,2622.5,Sugarcane,MOP
Clay,6.11,34.1,59,68,36,31.29,35.43,2420.63,Sugarcane,Urea
Sandy,5.1,20.13,52,19,22,31.48,48.42,1739.24,Sugarcane,Urea
Loamy,8.41,26.18,61,36,38,39.55,50.88,1873.94,Sugarcane,DAP
Clay,6.19,13.55,125,37,90,16.11,64.07,908.88,Sugarcane,DAP
Loamy,4.95,28.79,118,81,112,12.07,37.26,1724.33,Sugarcane,Compost
Silt,7.35,31.78,31,58,21,33.59,70.57,627.63,Sugarcane,Urea
Silt,8.3,46.38,157,42,38,37.89,83.97,1390.54,Sugarcane,MOP
Silt,4.92,10.46,58,78,76,31.42,88.66,1272.79,Sugarcane,Urea
Loamy,7.66,58.95,30,79,79,10.37,67.18,1147.96,Sugarcane,Urea
Sandy,6.86,37.83,22,85,48,16.7,61.07,952.47,Sugarcane,Urea
Silt,7.91,36.83,29,86,97,37.78,61.52,1900.8,Sugarcane,Urea
Sandy,4.79,58.51,25,77,114,11.67,59.91,2068.42,Sugarcane,Urea
Sandy,4.66,30.98,96,17,23,33.64,82.83,2639.94,Sugarcane,DAP
Clay,5.13,54.5,109,34,106,33.37,63.94,1420.37,Sugarcane,DAP
Sandy,6.01,10.21,153,54,109,18.16,62.74,1716.5,Sugarcane,NPK
Clay,7.77,13.32,127,20,30,34.05,33.39,1640.49,Sugarcane,DAP
Loamy,6.59,30.41,107,29,28,36.23,85.57,742.22,Sugarcane,DAP
Silt,5.18,55.81,115,68,18,21.49,69.37,2676.5,Sugarcane,MOP
Clay,5.3,28.56,42,11,57,18.29,49.91,617.77,Sugarcane,Urea
Silt,6.01,29.79,64,85,95,11.42,36.07,1652.02,Sugarcane,Zinc Sulphate
Silt,5.5,41.28,43,29,108,25.83,45.46,1888.1,Sugarcane,Urea
Loamy,5.71,46.07,47,52,34,33.48,75.02,964.56,Sugarcane,Urea
Sandy,5.6,34.67,24,16,63,19.43,60.39,478.21,Sugarcane,Urea
Sandy,8.22,50.25,108,86,55,22.5,68.66,1221.33,Sugarcane,Zinc Sulphate
Loamy,4.54,39.14,43,52,119,26.08,40.99,864.01,Sugarcane,Urea
Silt,6.08,36.47,100,65,114,10.62,79.03,2346.25,Sugarcane,MOP
Sandy,8.49,25.2,73,65,33,38.55,49.7,492.87,Sugarcane,MOP
Silt,8.33,10.17,57,88,54,34.7,89.28,1721.34,Sugarcane,Urea
Sandy,7.11,24.85,108,12,118,16.04,42.69,834.95,Sugarcane,DAP
Sandy,5.22,14.43,33,74,31,23.74,72.47,212.68,Sugarcane,Urea
Sandy,7.78,40.41,135,80,18,21.85,60.16,1391.99,Sugarcane,MOP
Silt,5.71,47.32,51,65,31,18.65,36.77,926.29,Sugarcane,Urea
Silt,8.41,30.64,44,13,44,15.01,66.14,2100.1,Sugarcane,Urea
Silt,7.2,55.75,41,74,21,24.48,58.45,2416.42,Sugarcane,Urea
Silt,6.47,12.48,126,74,53,26.22,55.52,438.36,Sugarcane,NPK
Silt,4.78,21.82,154,16,80,20.17,89.32,2423.51,Sugarcane,DAP
Sandy,7.14,47.19,78,68,35,26.05,82.91,418.78,Sugarcane,MOP
Sandy,5.94,14.12,91,44,48,18.67,79.26,1494.92,Sugarcane,DAP
Silt,4.54,49.04,71,33,116,29.9,75.35,2863.33,Sugarcane,DAP
Loamy,8.0,24.75,130,72,29,18.35,31.6,1379.63,Sugarcane,MOP
Sandy,5.56,44.24,48,32,97,35.43,38.73,1739.48,Sugarcane,Urea
Silt,7.28,57.76,104,32,19,35.02,61.45,1298.87,Sugarcane,DAP
Clay,7.57,31.88,45,88,61,38.95,39.0,2876.29,Sugarcane,Urea
Silt,5.67,59.85,128,32,84,30.96,33.75,1289.62,Sugarcane,DAP
Clay,6.21,49.18,119,15,48,27.38,52.0,2549.05,Sugarcane,DAP
Silt,5.83,36.13,135,89,36,25.83,77.71,2975.33,Sugarcane,MOP
Sandy,5.46,52.88,99,62,84,22.16,46.06,501.81,Sugarcane,Compost
Clay,5.48,45.03,150,79,74,34.18,80.45,2650.6,Sugarcane,Compost
Clay,7.37,53.97,144,36,13,15.99,64.43,408.69,Sugarcane,DAP
Sandy,7.13,56.51,139,28,23,21.12,88.84,1289.56,Sugarcane,DAP
Silt,7.81,20.32,148,35,38,38.38,36.4,1556.58,Sugarcane,DAP
Clay,7.58,22.2,151,62,55,39.37,81.76,232.95,Sugarcane,Urea
Silt,7.36,41.41,100,33,32,36.01,62.27,2529.91,Sugarcane,DAP
Sandy,7.96,21.8,124,25,116,16.92,51.53,2051.19,Sugarcane,DAP
Silt,7.04,49.87,102,33,101,32.48,83.92,914.37,Sugarcane,DAP
Sandy,6.96,11.7,20,30,13,27.92,54.64,1284.02,Sugarcane,Urea
Silt,5.94,23.67,105,84,107,28.04,33.78,801.08,Sugarcane,Zinc Sulphate
Sandy,7.23,41.25,129,28,21,13.19,50.45,2133.06,Sugarcane,DAP
Clay,5.67,43.43,88,88,102,36.7,84.36,2363.49,Sugarcane,NPK
Silt,6.18,37.4,90,82,51,16.72,87.54,1691.85,Sugarcane,MOP
Clay,5.03,43.38,57,51,113,24.03,86.8,2513.24,Sugarcane,Urea
Silt,8.01,24.23,36,52,65,13.86,44.94,589.47,Sugarcane,Urea
Loamy,4.54,54.83,68,50,74,18.92,49.28,1358.9,Sugarcane,Compost
Sandy,6.69,37.19,97,74,11,28.97,75.42,848.81,Sugarcane,MOP
Loamy,5.3,17.31,55,30,104,12.54,70.2,1042.93,Sugarcane,Urea
Sandy,5.69,55.48,32,65,106,21.47,81.57,1186.41,Sugarcane,Urea
Sandy,5.2,47.76,86,53,31,25.26,88.89,1159.32,Sugarcane,MOP
Clay,5.7,10.64,145,34,13,17.41,84.09,459.0,Sugarcane,DAP
Sandy,7.71,12.23,96,81,29,18.11,69.12,1598.45,Sugarcane,MOP
Sandy,4.82,30.04,88,68,99,32.62,79.49,2602.14,Sugarcane,Compost
Clay,7.87,36.71,96,57,22,31.95,71.84,2272.37,Sugarcane,MOP
Loamy,6.97,12.96,58,42,43,36.11,79.45,2435.22,Sugarcane,Urea
Clay,6.3,37.12,42,70,43,12.14,48.56,944.73,Sugarcane,Urea
Loamy,4.67,42.51,67,35,72,23.62,30.79,2671.45,Sugarcane,DAP
Silt,6.42,42.77,71,10,93,29.78,70.43,1085.16,Sugarcane,DAP
Clay,5.65,12.25,22,42,39,15.01,39.95,1642.87,Sugarcane,Urea
Sandy,8.13,21.22,133,57,39,11.31,46.97,1553.49,Sugarcane,MOP
Sandy,7.0,19.55,154,57,10,36.08,65.61,494.1,Sugarcane,MOP
Sandy,4.87,58.93,42,45,22,26.85,77.47,1383.57,Sugarcane,Urea
Sandy,5.14,46.3,40,49,86,22.27,42.07,2635.28,Sugarcane,Urea
Silt,8.3,55.06,43,66,58,14.3,44.37,1134.21,Sugarcane,Urea
Sandy,4.55,44.33,21,62,43,23.88,82.62,2675.41,Sugarcane,Urea
Loamy,6.98,38.2,120,56,102,28.71,82.07,406.43,Sugarcane,NPK
Clay,7.93,19.62,49,70,33,15.79,37.74,440.91,Sugarcane,Urea
Loamy,6.07,50.66,30,60,18,13.95,54.52,1098.84,Sugarcane,Urea
Silt,4.55,47.29,136,39,35,34.69,31.68,240.13,Sugarcane,DAP
Sandy,5.13,21.1,78,55,34,21.5,89.5,261.98,Sugarcane,MOP
Silt,7.95,29.56,75,15,16,38.03,79.48,557.46,Sugarcane,DAP
Sandy,4.94,22.65,94,51,89,25.67,64.93,2797.83,Sugarcane,Compost
Silt,6.23,48.28,117,85,73,25.13,38.34,2594.13,Sugarcane,SSP
Clay,4.73,19.55,102,64,100,30.01,38.91,1932.08,Sugarcane,Compost
Loamy,5.15,54.84,145,36,20,19.44,66.92,2767.62,Sugarcane,DAP
Silt,7.83,46.31,129,54,119,32.26,60.16,1140.3,Sugarcane,Zinc Sulphate
Silt,6.55,38.67,113,41,68,31.18,32.85,2040.93,Sugarcane,NPK
Clay,8.01,32.69,33,16,55,38.53,55.65,2878.19,Sugarcane,Urea
Loamy,6.3,54.7,121,14,43,37.67,33.59,2026.67,Sugarcane,DAP
Sandy,6.02,48.03,43,30,17,39.87,83.06,1207.79,Sugarcane,Urea
Loamy,8.31,47.0,119,11,55,28.2,71.71,2214.9,Sugarcane,DAP
Clay,6.7,60.0,59,25,79,23.25,55.12,2314.84,Sugarcane,Urea
Loamy,8.01,50.6,119,78,15,31.41,80.05,240.94,Sugarcane,MOP
Silt,5.78,41.09,70,40,42,25.14,31.11,1887.29,Sugarcane,NPK
Clay,6.52,50.76,158,37,102,24.52,32.09,1410.05,Sugarcane,DAP
Silt,4.87,55.19,29,85,76,12.94,85.36,1349.5,Sugarcane,Urea
Sandy,6.38,21.26,54,84,46,22.4,58.77,2157.1,Sugarcane,Urea
Silt,7.76,57.44,80,16,25,27.12,81.37,2342.36,Sugarcane,DAP
Loamy,7.77,33.53,58,46,45,17.1,40.26,1272.26,Sugarcane,Urea
Clay,7.41,56.23,95,65,14,37.67,70.91,2288.98,Sugarcane,MOP
Sandy,7.02,54.59,40,86,52,31.02,33.67,586.53,Sugarcane,Urea
Silt,4.6,31.34,155,61,16,26.87,86.22,396.37,Sugarcane,MOP
Sandy,6.83,53.82,80,49,96,36.17,60.05,797.39,Sugarcane,NPK
Loamy,6.46,51.71,141,44,16,16.53,87.47,597.23,Sugarcane,MOP
Silt,6.03,38.85,95,60,37,17.6,58.83,2872.23,Sugarcane,MOP
Sandy,5.75,39.18,115,75,11,36.59,64.06,1758.53,Sugarcane,MOP
Silt,5.94,23.6,83,38,117,14.13,80.45,2514.91,Sugarcane,DAP
Silt,5.01,59.2,74,88,65,17.57,57.59,975.35,Sugarcane,Compost
Silt,6.87,18.77,78,65,30,18.75,52.09,2780.43,Sugarcane,MOP
Silt,4.67,33.98,31,84,86,38.03,46.31,761.17,Sugarcane,Urea
Sandy,6.14,42.1,151,15,76,20.8,45.5,2829.81,Sugarcane,DAP
Silt,7.31,41.41,65,53,50,16.69,88.86,1198.65,Sugarcane,Urea
Sandy,6.73,38.69,146,89,103,20.52,73.79,746.69,Sugarcane,Zinc Sulphate
Silt,7.86,52.34,136,21,55,30.24,37.86,1018.07,Sugarcane,DAP
Loamy,6.43,16.02,23,72,37,29.29,82.41,642.29,Sugarcane,Urea
Silt,7.62,49.63,56,30,117,34.41,52.25,2195.65,Sugarcane,Urea
Sandy,5.45,46.01,55,40,74,37.87,78.04,607.2,Sugarcane,Urea
Loamy,7.52,31.91,61,67,33,31.05,78.6,425.05,Sugarcane,MOP
Sandy,8.15,10.85,95,85,34,10.67,88.59,1909.56,Sugarcane,MOP
Silt,7.97,22.93,156,47,64,31.22,68.57,2880.9,Sugarcane,Zinc Sulphate
Clay,6.94,45.32,122,62,118,10.89,65.56,2447.26,Sugarcane,Zinc Sulphate
Silt,5.3,35.38,95,40,112,38.89,58.42,2937.16,Sugarcane,Compost
Silt,6.55,34.21,108,14,65,14.38,73.73,830.44,Sugarcane,DAP
Silt,7.48,41.46,45,33,113,14.75,42.25,242.63,Sugarcane,Urea
Silt,5.38,59.09,96,66,105,25.55,82.13,1508.68,Tomato,Compost
Loamy,8.4,21.04,99,11,62,33.65,39.71,1146.16,Tomato,DAP
Loamy,7.28,14.12,125,15,114,22.73,51.57,1283.55,Tomato,DAP
Loamy,5.45,55.79,52,72,91,11.91,70.49,436.74,Tomato,Urea
Silt,6.57,33.63,88,41,45,11.32,84.28,855.59,Tomato,NPK
Clay,5.57,58.1,116,37,102,25.47,85.24,1308.89,Tomato,DAP
Sandy,8.42,36.33,103,51,91,20.96,35.72,1869.21,Tomato,Zinc Sulphate
Loamy,5.92,27.19,108,39,50,22.88,65.8,1139.77,Tomato,DAP
Loamy,5.33,39.26,63,86,39,32.43,85.62,1321.56,Tomato,MOP
Sandy,7.07,40.57,119,14,18,27.81,77.53,1997.95,Tomato,DAP
Sandy,8.28,19.55,21,53,31,36.64,57.73,2138.11,Tomato,Urea
Silt,8.38,53.07,34,87,111,32.44,42.57,735.21,Tomato,Urea
Clay,8.3,24.82,146,23,66,10.22,83.43,1556.34,Tomato,DAP
Clay,4.56,33.54,61,47,25,10.11,68.37,1285.53,Tomato,MOP
Sandy,7.31,48.93,86,85,59,32.12,46.36,624.43,Tomato,SSP
Loamy,7.17,32.79,22,16,110,21.79,59.82,2661.63,Tomato,Urea
Loamy,6.66,31.68,66,51,108,33.5,32.82,2662.7,Tomato,NPK
Loamy,5.6,16.14,134,32,48,13.45,82.49,1714.46,Tomato,DAP
Clay,5.45,51.65,150,44,106,29.25,73.62,1371.44,Tomato,Compost
Silt,4.99,14.37,127,47,79,12.05,86.76,2060.36,Tomato,Compost
Clay,5.15,16.11,145,18,116,25.09,58.85,2560.99,Tomato,DAP
Silt,7.75,40.3,48,54,92,24.55,68.87,311.02,Tomato,Urea
Clay,5.68,35.0,110,29,15,23.78,32.99,980.44,Tomato,DAP
Clay,5.69,48.74,65,45,40,36.18,53.75,1322.96,Tomato,NPK
Silt,7.93,44.18,63,87,52,21.86,62.51,1494.04,Tomato,Zinc Sulphate
Clay,7.1,23.37,113,48,57,28.11,72.91,1929.49,Tomato,MOP
Sandy,6.35,43.96,99,56,72,31.37,57.16,871.21,Tomato,Compost
Silt,7.82,40.27,49,65,11,23.48,62.93,1043.2,Tomato,Urea
Silt,6.08,14.56,133,73,73,15.63,81.81,2413.85,Tomato,SSP
Silt,6.81,52.1,137,21,36,28.43,89.99,1839.59,Tomato,DAP
Clay,5.87,36.17,24,64,76,10.97,73.21,931.85,Tomato,Urea
Loamy,7.38,10.48,49,51,98,38.87,87.43,898.12,Tomato,Urea
Sandy,4.56,22.19,139,56,102,33.93,81.79,1120.97,Tomato,Compost
Loamy,7.66,39.75,71,48,36,18.63,86.79,2262.13,Tomato,MOP
Sandy,6.07,54.2,126,49,86,20.66,82.37,615.12,Tomato,SSP
Loamy,5.17,32.79,132,68,103,23.92,41.79,2073.62,Tomato,Compost
Silt,7.21,37.6,73,78,45,36.77,32.61,226.38,Tomato,MOP
Clay,6.35,40.75,90,25,99,27.2,34.55,730.6,Tomato,DAP
Silt,6.09,27.13,100,63,86,34.54,72.82,1074.8,Tomato,NPK
Silt,8.06,11.32,67,32,68,28.32,55.4,1758.93,Tomato,DAP
Sandy,6.67,37.23,32,51,111,22.2,44.15,1247.94,Tomato,Urea
Silt,5.32,47.34,102,87,68,33.57,59.3,1766.16,Tomato,Compost
Silt,7.18,36.11,42,51,75,10.52,75.83,1382.48,Tomato,Urea
Sandy,5.08,42.77,56,15,33,18.29,35.84,2008.54,Tomato,Urea
Loamy,7.87,39.19,86,46,93,38.79,84.58,2754.42,Tomato,Zinc Sulphate
Sandy,4.93,44.48,49,16,78,18.46,52.95,2198.0,Tomato,Urea
Sandy,5.01,44.27,156,81,102,10.06,67.69,2307.06,Tomato,Compost
Silt,5.31,47.96,129,56,37,29.58,56.99,2392.39,Tomato,MOP
Clay,5.15,18.84,74,68,70,18.48,64.09,829.93,Tomato,Compost
Loamy,5.7,55.62,35,28,24,10.97,47.51,2500.45,Tomato,Urea
Sandy,4.93,22.36,20,54,86,20.93,32.08,2381.99,Tomato,Urea
Loamy,7.79,47.75,98,74,67,24.48,51.58,2197.03,Tomato,Compost
Sandy,6.85,18.47,55,23,13,27.01,53.47,437.8,Tomato,Urea
Silt,8.28,11.54,159,68,11,38.23,49.34,2248.78,Tomato,MOP
Clay,7.58,14.97,117,55,118,11.78,44.35,671.02,Tomato,MOP
Silt,7.71,49.78,152,26,78,17.04,77.95,2794.23,Tomato,DAP
Sandy,6.06,24.23,65,80,25,11.84,81.5,2402.08,Tomato,MOP
Sandy,5.52,45.07,32,55,59,33.57,55.28,2520.02,Tomato,Urea
Sandy,5.46,58.61,144,22,17,33.96,65.49,248.76,Tomato,DAP
Loamy,5.96,46.54,104,57,55,21.8,66.69,1574.76,Tomato,Compost
Clay,8.29,18.34,125,15,15,24.12,39.34,1046.82,Tomato,DAP
Silt,5.05,25.76,128,45,96,32.85,70.96,2797.6,Tomato,Compost
Loamy,6.61,29.19,145,61,119,27.72,51.32,2297.63,Tomato,NPK
Silt,8.22,23.36,68,83,79,33.95,42.82,2066.85,Tomato,Zinc Sulphate
Silt,6.96,17.48,93,27,74,32.79,87.0,2192.0,Tomato,DAP
Loamy,8.23,31.41,69,32,79,35.66,83.98,1039.64,Tomato,DAP
Clay,6.49,32.77,92,18,28,32.39,64.53,348.2,Tomato,DAP
Sandy,6.1,15.29,151,48,63,13.73,38.32,1136.44,Tomato,NPK
Loamy,7.09,59.02,111,19,115,31.86,63.46,1244.25,Tomato,DAP
Sandy,6.82,11.39,154,75,23,20.3,87.43,245.86,Tomato,MOP
Loamy,7.78,59.52,121,74,10,27.75,66.45,1732.92,Tomato,MOP
Sandy,7.74,53.0,145,82,92,12.38,33.79,1800.42,Tomato,Urea
Clay,7.94,18.01,24,65,104,34.37,88.66,2536.43,Tomato,Urea
Loamy,6.72,42.86,145,11,53,15.1,71.26,569.78,Tomato,DAP
Clay,6.87,46.97,50,26,84,30.47,55.64,1884.77,Tomato,Urea
Silt,8.21,26.6,93,12,24,34.33,36.1,2019.02,Tomato,DAP
Loamy,6.81,37.67,44,48,36,36.67,54.8,2910.42,Tomato,Urea
Sandy,8.43,40.57,75,34,31,28.57,32.98,481.47,Tomato,DAP
Sandy,7.39,47.3,43,17,118,33.4,80.82,1679.71,Tomato,Urea
Silt,4.53,14.0,41,53,117,20.92,78.23,683.64,Tomato,Urea
Loamy,6.75,24.12,108,53,61,19.86,56.54,2391.41,Tomato,Urea
Loamy,5.81,20.04,145,88,35,28.83,30.58,1135.43,Tomato,MOP
Loamy,6.31,58.32,37,38,89,27.7,69.8,2331.88,Tomato,Urea
Silt,5.84,44.17,70,35,94,29.52,81.78,586.83,Tomato,DAP
Silt,7.35,14.74,21,40,35,23.89,46.47,1476.59,Tomato,Urea
Sandy,6.86,49.45,58,28,108,33.96,64.1,1973.08,Tomato,Urea
Sandy,6.17,34.12,48,56,110,13.67,43.58,1457.97,Tomato,Urea
Loamy,6.37,42.57,45,39,55,13.29,62.5,1721.03,Tomato,Urea
Silt,6.95,37.74,60,62,49,24.14,32.69,1676.8,Tomato,Urea
Silt,7.74,51.98,153,23,41,28.93,73.59,511.12,Tomato,DAP
Loamy,4.84,40.4,37,74,38,22.96,32.62,2050.5,Tomato,Urea
Sandy,5.22,51.66,137,89,73,34.23,47.86,2543.42,Tomato,Compost
Sandy,5.95,29.91,121,26,101,19.63,73.46,2148.08,Tomato,DAP
Sandy,6.36,59.47,98,83,27,24.47,62.69,2069.31,Tomato,MOP
Silt,5.6,19.22,23,56,90,20.62,43.14,1733.36,Tomato,Urea
Sandy,8.27,18.32,109,66,85,33.65,87.34,2947.74,Tomato,Zinc Sulphate
Clay,8.16,40.9,123,37,37,28.29,85.94,1974.07,Tomato,DAP
Clay,5.41,54.85,83,44,75,32.66,58.2,1686.35,Tomato,Compost
Silt,5.5,24.28,50,46,81,16.78,54.91,1183.63,Tomato,Urea
Silt,5.1,42.2,73,67,102,12.5,36.99,1065.68,Tomato,Compost
Loamy,6.61,36.75,120,34,61,18.9,60.11,915.3,Tomato,DAP
Silt,6.94,23.67,66,45,94,27.82,62.71,1863.54,Tomato,DAP
Silt,4.77,18.97,28,52,70,10.24,81.57,2287.92,Tomato,Urea
Loamy,6.16,47.4,81,84,57,27.08,74.27,1664.77,Tomato,SSP
Sandy,7.1,10.96,45,78,49,31.37,73.95,2231.44,Tomato,Urea
Silt,6.99,49.68,145,51,70,24.47,61.13,555.3,Tomato,Zinc Sulphate
Sandy,4.58,42.05,41,41,102,25.87,36.2,260.96,Tomato,Urea
Clay,4.96,49.92,67,61,100,13.01,44.73,586.87,Tomato,Compost
Loamy,4.73,34.43,47,47,22,19.14,52.11,2725.01,Tomato,Urea
Clay,4.62,49.84,90,76,59,39.58,85.65,945.43,Tomato,Compost
Sandy,6.06,58.36,83,10,62,29.66,41.95,947.56,Tomato,DAP
Silt,7.07,33.43,70,18,67,13.25,31.23,1618.0,Tomato,DAP
Loamy,7.67,55.72,31,78,50,38.14,69.72,2342.89,Tomato,Urea
Clay,6.27,39.55,142,80,20,31.06,86.83,234.11,Tomato,MOP
Clay,5.12,30.85,100,89,70,32.77,87.12,1438.1,Tomato,Compost
Loamy,5.47,37.28,43,77,64,34.84,34.61,453.16,Tomato,Urea
Clay,5.03,17.45,79,58,43,17.16,48.45,1922.34,Tomato,Compost
Loamy,8.15,52.84,80,46,94,32.24,86.01,2624.17,Tomato,Zinc Sulphate
Loamy,8.37,36.46,23,24,30,34.96,85.32,2190.64,Tomato,Urea
Loamy,7.2,33.52,104,42,65,20.03,31.08,861.43,Tomato,NPK
Clay,7.56,44.35,49,51,12,15.0,52.16,896.98,Tomato,Urea
Clay,8.47,56.56,136,53,40,33.03,83.09,385.77,Tomato,Zinc Sulphate
Clay,6.84,48.84,72,24,89,19.25,69.78,1676.22,Tomato,DAP
Silt,7.71,44.11,24,33,60,16.35,38.84,1913.52,Tomato,Urea
Silt,5.51,12.66,133,56,26,15.12,71.91,2033.78,Tomato,MOP
Silt,6.84,32.83,104,24,33,35.81,46.48,261.06,Tomato,DAP
Loamy,7.04,43.63,69,29,64,19.18,64.06,2341.99,Tomato,DAP
Loamy,6.76,57.64,95,40,20,14.17,50.34,754.33,Tomato,MOP
Clay,7.06,28.59,158,31,63,19.09,85.16,1486.35,Tomato,DAP
Sandy,6.13,20.86,105,49,85,10.93,36.24,440.07,Tomato,Zinc Sulphate
Silt,8.08,27.55,75,32,41,36.97,60.25,2857.3,Tomato,DAP
Sandy,7.85,35.6,69,12,98,16.92,65.22,2836.7,Tomato,DAP
Sandy,8.37,41.79,24,67,39,23.12,43.86,1338.71,Tomato,Urea
Silt,6.72,47.46,131,21,68,27.02,40.39,239.56,Tomato,DAP
Loamy,8.5,54.63,36,28,112,14.47,85.14,2843.2,Tomato,Urea
Loamy,8.23,26.02,63,55,110,30.06,85.69,2026.56,Tomato,Zinc Sulphate
Sandy,4.95,19.16,109,37,14,12.96,61.76,2451.95,Tomato,DAP
Sandy,4.67,32.05,145,79,112,21.0,80.81,1926.71,Tomato,Compost
Loamy,4.77,10.16,119,59,107,10.93,74.75,448.36,Tomato,Compost
Loamy,5.2,26.03,112,49,15,29.33,80.35,1418.07,Tomato,MOP
Loamy,8.11,34.06,23,38,73,34.23,66.26,1658.82,Tomato,Urea
Sandy,8.39,20.34,127,15,43,34.97,59.4,2935.69,Tomato,DAP
Silt,8.38,20.24,135,42,64,31.85,45.63,564.98,Tomato,Zinc Sulphate
Clay,6.17,24.67,74,27,97,35.23,51.44,2659.29,Tomato,DAP
Loamy,7.74,51.84,80,71,41,23.44,82.18,2165.42,Tomato,NPK
Clay,4.73,46.07,153,68,68,32.23,66.96,223.79,Tomato,Compost
Sandy,6.2,17.21,31,27,51,37.68,61.43,724.47,Tomato,Urea
Silt,4.75,52.72,63,40,99,26.06,87.02,1025.86,Tomato,Compost
Loamy,6.16,32.97,25,61,45,27.3,79.14,2989.4,Tomato,Urea
Loamy,6.96,43.74,56,22,87,32.89,53.66,1309.96,Tomato,Urea
Sandy,6.26,14.76,56,87,21,19.68,65.79,1284.72,Tomato,Urea
Sandy,8.32,48.92,35,61,59,11.32,49.12,2700.14,Tomato,Urea
Clay,6.0,27.96,86,77,37,19.97,38.89,1460.09,Tomato,MOP
Loamy,4.63,57.87,45,19,13,18.4,87.83,868.5,Tomato,Urea
Sandy,5.21,38.04,93,23,71,31.38,81.93,2435.07,Tomato,DAP
Clay,7.53,37.13,87,11,40,37.58,45.23,2818.13,Tomato,DAP
Silt,6.18,40.98,106,86,31,22.14,57.99,2525.62,Tomato,MOP
Silt,6.65,50.13,83,28,69,19.8,80.91,2164.83,Tomato,DAP
Sandy,4.58,40.18,95,44,32,12.32,47.54,412.91,Tomato,MOP
Sandy,7.56,51.22,114,25,73,14.72,45.02,362.77,Tomato,DAP
Silt,4.8,10.42,69,72,22,24.84,48.4,1436.94,Tomato,MOP
Loamy,8.49,31.6,88,66,94,33.54,83.84,1193.11,Tomato,Zinc Sulphate
Clay,8.28,53.56,22,68,105,10.35,43.59,1037.28,Tomato,Urea
Sandy,7.53,37.93,117,33,80,22.28,40.66,2211.77,Tomato,DAP
Loamy,4.51,15.28,38,71,63,11.58,70.49,1472.16,Tomato,Urea
Loamy,5.92,10.95,76,18,69,23.67,89.9,1318.48,Tomato,DAP
Sandy,8.23,52.46,119,36,70,22.76,82.07,2038.46,Tomato,DAP
Silt,4.59,17.04,24,33,93,32.75,49.74,2114.19,Tomato,Urea
Clay,6.67,42.43,90,44,99,30.18,34.8,2736.98,Tomato,NPK
Silt,5.33,14.39,23,38,100,36.58,75.53,256.28,Tomato,Urea
Sandy,6.62,47.76,97,35,49,36.33,65.4,2730.41,Tomato,DAP
Clay,5.9,59.82,76,16,14,34.73,64.82,2743.81,Tomato,DAP
Silt,6.48,42.57,101,19,25,16.47,35.05,2817.27,Tomato,DAP
Loamy,4.73,48.86,95,76,60,22.26,60.65,1637.81,Tomato,Compost
Sandy,4.95,39.06,159,86,15,38.91,86.31,1745.65,Tomato,MOP
Loamy,7.84,47.35,118,64,55,35.22,46.0,311.57,Tomato,Zinc Sulphate
Loamy,6.95,16.7,80,83,88,17.31,72.4,1910.23,Tomato,Compost
Clay,7.82,52.61,153,11,13,35.17,33.44,1516.23,Tomato,DAP
Silt,5.28,24.64,143,22,74,34.58,61.1,767.69,Tomato,DAP
Silt,4.55,43.07,33,22,19,35.04,63.8,810.31,Tomato,Urea
Clay,6.52,41.93,54,51,99,14.09,65.19,684.49,Tomato,Urea
Loamy,5.56,55.21,100,45,113,26.06,48.16,1554.23,Tomato,NPK
Silt,7.5,13.13,83,80,111,26.23,52.22,222.55,Tomato,DAP
Silt,7.54,57.34,111,62,50,22.73,45.4,2145.44,Tomato,Zinc Sulphate
Silt,8.32,19.51,99,78,52,14.97,59.61,458.17,Tomato,Zinc Sulphate
Loamy,7.59,29.78,57,79,60,28.99,86.69,2279.74,Tomato,Urea
Sandy,6.63,29.22,99,47,102,19.82,52.39,2429.69,Tomato,Urea
Sandy,7.17,30.72,41,40,119,33.77,52.19,760.04,Tomato,Urea
Loamy,8.31,49.39,152,26,19,13.76,76.68,530.74,Tomato,DAP
Clay,6.67,49.24,158,23,37,29.23,68.57,1725.16,Tomato,DAP
Loamy,4.9,47.87,49,46,88,28.08,77.52,446.71,Tomato,Urea
Silt,6.21,43.19,95,10,74,22.26,63.84,1064.58,Tomato,DAP
Silt,6.28,53.04,76,12,72,19.65,81.08,2028.07,Tomato,DAP
Loamy,5.27,26.11,49,62,18,15.65,68.72,2156.55,Tomato,Urea
Loamy,7.41,38.72,84,39,32,22.83,88.78,1974.11,Tomato,DAP
Loamy,4.7,56.16,51,71,61,27.01,44.82,544.08,Tomato,Urea
Loamy,6.89,20.59,81,81,40,18.08,50.62,365.38,Tomato,NPK
Sandy,6.11,35.15,68,10,114,16.46,60.39,2110.64,Tomato,DAP
Silt,5.99,58.59,44,62,23,22.68,45.64,733.88,Tomato,Urea
Loamy,5.79,27.76,144,34,50,28.05,35.57,1688.76,Tomato,DAP
Sandy,6.64,24.51,137,23,42,34.36,76.55,2516.84,Tomato,DAP
Sandy,4.95,51.99,29,88,34,32.88,62.32,347.82,Tomato,Urea
Sandy,6.38,33.67,158,43,103,14.59,64.18,2111.58,Tomato,NPK
Sandy,6.22,55.28,110,60,39,27.99,73.7,2587.45,Tomato,MOP
Silt,4.52,44.07,147,84,90,28.88,30.81,2926.09,Tomato,Compost
Clay,6.02,21.75,123,19,50,16.09,69.22,1349.11,Tomato,DAP
Sandy,7.21,17.36,113,69,66,26.64,30.22,1518.23,Tomato,NPK
Clay,4.92,15.48,45,44,89,28.93,61.7,1546.04,Tomato,Urea
Sandy,7.82,23.65,98,85,43,30.7,39.4,1597.98,Tomato,Zinc Sulphate
Loamy,5.55,43.45,47,61,74,22.31,47.26,2187.63,Tomato,Urea
Silt,8.02,45.83,77,15,90,29.87,73.85,520.09,Tomato,DAP
Silt,7.8,45.86,99,23,95,37.14,41.75,1486.88,Tomato,DAP
Sandy,7.71,33.32,80,79,47,29.71,64.88,650.76,Tomato,NPK
Loamy,7.21,31.7,68,23,48,23.81,58.95,312.11,Tomato,DAP
Silt,8.23,14.24,79,73,81,30.55,35.85,2001.91,Tomato,Zinc Sulphate
Clay,7.78,28.9,93,14,25,34.96,39.31,2599.97,Tomato,DAP
Sandy,7.51,29.83,37,66,28,31.5,88.58,2395.0,Tomato,Urea
Silt,5.01,59.06,98,29,55,20.04,60.54,1898.27,Tomato,DAP
Silt,7.55,51.79,60,62,52,29.1,45.51,2117.85,Tomato,NPK
Sandy,4.67,22.12,100,68,100,26.52,42.4,1081.42,Tomato,Compost
Silt,5.96,48.93,72,23,88,33.85,65.51,587.24,Tomato,DAP
Sandy,4.66,12.81,101,32,12,19.72,52.11,255.86,Tomato,DAP
Silt,6.73,48.96,38,42,64,23.19,76.27,1066.35,Tomato,Urea
Loamy,5.11,57.51,59,46,115,16.42,43.89,2664.08,Tomato,Urea
Loamy,6.1,28.4,43,28,35,22.92,38.45,2505.41,Tomato,Urea
Clay,6.2,22.19,27,88,37,27.64,87.06,2083.31,Tomato,Urea
Silt,6.73,29.95,127,69,101,14.65,67.93,2130.9,Tomato,MOP
Clay,7.94,12.93,98,46,92,16.41,71.92,405.36,Tomato,Zinc Sulphate
Clay,4.61,55.28,82,12,33,10.61,30.22,472.56,Tomato,DAP
Sandy,5.74,36.76,79,64,43,23.51,68.44,2683.91,Tomato,NPK
Clay,8.17,51.93,115,57,27,15.26,69.01,379.96,Tomato,MOP
Silt,8.28,44.9,146,12,48,10.55,51.97,1738.08,Tomato,DAP
Sandy,6.48,33.37,151,48,34,24.56,83.24,586.95,Tomato,MOP
Clay,6.57,14.11,105,89,57,36.73,45.39,2703.07,Tomato,DAP
Silt,5.84,57.63,56,89,60,22.63,82.15,996.72,Tomato,Urea
Silt,6.23,21.65,107,62,71,22.51,33.23,1404.69,Tomato,MOP
Loamy,6.31,15.26,159,23,97,16.32,41.21,2683.23,Tomato,DAP
Sandy,7.48,55.04,52,78,89,39.45,82.9,425.65,Tomato,Urea
Clay,6.14,45.47,85,39,31,18.21,43.36,2805.37,Tomato,DAP
Loamy,7.61,38.19,46,13,41,38.22,81.8,709.1,Tomato,Urea
Loamy,6.89,22.38,118,12,106,33.98,32.99,656.96,Tomato,DAP
Sandy,4.73,33.92,53,46,68,28.68,78.38,438.8,Tomato,Urea
Sandy,5.76,31.97,78,74,12,36.78,30.08,2661.72,Tomato,MOP
Sandy,6.65,36.18,125,87,80,17.15,51.59,1540.96,Tomato,NPK
Sandy,5.07,13.56,28,77,112,36.06,51.97,1002.99,Tomato,Urea
Silt,6.44,57.3,54,66,90,19.2,49.9,1528.11,Tomato,Urea
Clay,7.77,31.5,90,18,39,31.56,77.77,2090.36,Tomato,DAP
Loamy,4.57,42.1,154,36,23,32.78,80.09,2395.56,Tomato,DAP
Loamy,5.67,18.09,137,52,14,19.53,45.35,2635.91,Tomato,MOP
Clay,6.04,42.63,77,21,21,39.64,85.44,1785.1,Tomato,DAP
Clay,4.52,52.04,60,51,26,39.0,82.05,2031.47,Tomato,MOP
Clay,6.99,59.38,73,31,73,17.9,65.86,1052.42,Tomato,DAP
Loamy,6.55,38.86,103,83,115,10.09,74.53,633.22,Tomato,DAP
Silt,7.01,44.95,55,34,64,22.47,65.98,2959.94,Tomato,Urea
Loamy,5.28,26.64,50,22,48,17.62,46.12,356.37,Tomato,Urea
Sandy,5.89,13.55,81,52,99,33.17,49.77,1932.54,Tomato,NPK
Silt,6.32,44.29,65,64,79,25.45,87.34,2464.48,Tomato,NPK
Silt,5.59,35.43,55,58,114,32.21,50.82,2929.35,Tomato,Urea
Clay,5.79,54.76,132,20,49,23.6,70.88,2375.03,Tomato,DAP
Silt,7.53,42.42,52,55,35,18.68,59.67,1615.16,Tomato,Urea
Silt,4.52,21.77,47,51,103,31.89,84.49,416.07,Tomato,Urea
Loamy,5.16,22.72,77,15,82,29.08,60.88,1592.36,Tomato,DAP
Clay,5.45,46.82,33,41,114,19.31,78.48,2242.51,Tomato,Urea
Sandy,5.75,42.84,108,49,19,27.72,49.48,2906.19,Tomato,MOP
Clay,8.18,24.08,91,52,69,27.55,31.55,392.7,Tomato,Zinc Sulphate
Loamy,8.31,55.27,117,46,55,22.44,35.86,2385.75,Tomato,Zinc Sulphate
Silt,4.77,40.79,139,29,101,34.6,53.65,2644.65,Tomato,DAP
Sandy,8.31,43.99,60,41,86,10.06,71.65,1868.69,Tomato,Zinc Sulphate
Loamy,8.19,20.09,156,48,78,23.07,50.17,2445.59,Tomato,Zinc Sulphate
Silt,5.57,35.87,109,12,110,26.34,43.36,555.8,Tomato,DAP
Clay,7.24,18.05,42,46,69,20.18,65.72,2876.29,Tomato,Urea
Loamy,6.73,31.36,40,74,77,23.35,87.19,1943.73,Tomato,Urea
Loamy,6.32,38.18,147,58,115,13.18,81.66,718.66,Tomato,NPK
Loamy,8.08,19.2,134,29,29,23.84,83.74,748.84,Tomato,DAP
Loamy,5.34,30.31,113,22,101,24.28,50.03,1753.75,Tomato,DAP
Silt,8.32,47.76,157,71,107,13.63,79.17,784.46,Tomato,Zinc Sulphate
Sandy,6.04,37.64,62,12,96,17.15,78.8,529.72,Tomato,DAP
Silt,6.57,51.58,54,36,94,10.62,60.84,2614.61,Tomato,Urea
Clay,5.01,37.84,61,33,81,24.3,73.54,2184.55,Tomato,DAP
Silt,8.11,31.02,90,15,54,31.01,63.67,1996.27,Tomato,DAP
Loamy,4.96,39.85,68,64,62,11.26,50.18,988.9,Tomato,Compost
Silt,8.1,12.83,98,60,32,34.89,55.44,2970.11,Tomato,MOP
Sandy,5.02,59.03,71,71,70,36.14,64.53,2094.52,Tomato,Compost
Clay,6.76,40.4,36,57,97,17.34,75.9,232.98,Tomato,Urea
Sandy,7.93,14.62,97,62,17,29.17,62.22,1710.37,Tomato,MOP
Clay,5.79,42.25,75,20,49,13.55,71.93,2621.14,Tomato,DAP
Loamy,8.39,11.76,151,22,100,35.16,88.33,812.19,Tomato,DAP
Loamy,6.5,26.09,57,86,52,25.62,40.97,2112.04,Tomato,Urea
Silt,5.35,20.91,42,64,35,18.31,67.08,2133.7,Tomato,Urea
Silt,6.43,31.77,120,61,38,14.86,57.15,2651.3,Tomato,MOP
Sandy,6.75,35.79,89,45,100,20.43,56.05,1484.9,Tomato,NPK
Sandy,6.81,21.98,68,12,49,21.46,83.89,1281.05,Tomato,DAP
Sandy,4.55,29.36,132,15,33,26.02,88.07,392.26,Tomato,DAP
Loamy,4.55,52.11,42,82,113,14.26,34.17,1610.29,Tomato,Urea
Silt,5.31,54.72,79,41,84,21.63,85.38,2293.33,Tomato,Compost
Loamy,7.36,20.08,143,53,105,31.0,34.68,1192.89,Tomato,NPK
Clay,4.63,57.82,57,65,104,36.02,71.65,423.53,Tomato,Urea
Loamy,5.26,31.63,45,21,98,39.66,31.34,882.47,Tomato,Urea
Clay,5.41,39.87,87,75,101,17.26,71.51,1680.5,Tomato,Compost
Loamy,4.63,34.39,35,63,28,21.28,35.03,1780.67,Tomato,Urea
Sandy,5.41,38.86,60,69,116,28.28,52.27,1918.21,Wheat,Compost
Sandy,4.83,55.3,102,21,52,29.42,51.09,2854.92,Wheat,DAP
Sandy,7.92,37.03,69,26,28,15.46,43.04,2484.18,Wheat,DAP
Silt,4.96,33.19,31,63,107,38.14,61.93,712.69,Wheat,Urea
Clay,8.32,41.37,84,48,64,30.78,50.87,1601.95,Wheat,Zinc Sulphate
Loamy,5.24,37.29,123,33,14,19.63,72.01,442.98,Wheat,DAP
Sandy,5.2,50.48,40,87,90,22.38,52.71,262.53,Wheat,Urea
Clay,5.21,57.05,124,39,119,37.77,31.02,2783.7,Wheat,DAP
Sandy,5.08,34.55,128,16,70,33.56,42.9,1795.5,Wheat,DAP
Silt,8.37,17.64,77,37,35,30.49,62.29,1803.81,Wheat,DAP
Loamy,5.86,54.6,121,26,29,34.63,78.27,1640.51,Wheat,DAP
Sandy,6.54,57.88,104,35,33,30.56,75.51,2001.18,Wheat,DAP
Loamy,6.65,53.58,145,86,84,16.44,74.68,778.21,Wheat,DAP
Loamy,6.5,46.48,65,53,75,23.12,44.41,1155.21,Wheat,SSP
Silt,8.23,18.88,109,63,16,38.13,41.48,1479.87,Wheat,MOP
Clay,6.18,23.26,156,13,38,30.82,37.6,1234.97,Wheat,DAP
Clay,5.09,58.76,103,43,17,14.23,57.0,1612.15,Wheat,MOP
Loamy,8.16,54.05,90,77,16,23.56,49.0,1858.54,Wheat,MOP
Loamy,4.79,32.3,124,72,92,33.46,66.33,860.65,Wheat,Compost
Loamy,8.48,56.36,38,50,21,27.86,32.15,859.6,Wheat,Urea
Clay,6.22,37.46,152,52,41,17.77,67.68,2777.37,Wheat,Urea
Clay,6.12,54.35,116,61,70,20.11,58.78,1663.53,Wheat,NPK
Clay,4.76,37.37,146,62,118,31.96,83.33,762.43,Wheat,Compost
Loamy,7.57,35.2,130,26,99,15.71,86.31,1419.52,Wheat,DAP
Sandy,4.55,13.23,135,13,27,35.48,43.05,2288.83,Wheat,DAP
Sandy,5.33,26.38,94,89,100,13.33,79.14,584.45,Wheat,Compost
Sandy,7.66,47.68,101,25,28,20.31,82.31,1391.1,Wheat,DAP
Silt,8.1,24.79,90,46,23,28.8,72.75,1478.61,Wheat,MOP
Silt,5.83,22.97,21,13,92,18.47,82.94,2502.02,Wheat,Urea
Clay,5.92,34.08,113,43,118,14.33,49.56,354.94,Wheat,SSP
Sandy,8.33,39.03,135,69,84,26.39,75.54,2160.39,Wheat,Zinc Sulphate
Sandy,7.58,43.69,83,29,12,20.16,62.54,357.47,Wheat,DAP
Loamy,4.93,29.33,157,41,14,10.13,36.19,384.66,Wheat,MOP
Sandy,7.33,18.54,35,45,65,22.49,37.68,1010.45,Wheat,Urea
Clay,7.66,13.18,81,88,90,17.65,34.27,627.58,Wheat,Zinc Sulphate
Clay,7.32,34.97,51,74,92,32.09,33.55,347.1,Wheat,Urea
Silt,7.47,45.94,90,45,102,12.69,63.46,874.69,Wheat,NPK
Loamy,7.61,26.29,104,76,82,35.28,64.93,2128.52,Wheat,Compost
Clay,7.25,47.39,38,10,46,31.52,83.4,2650.94,Wheat,Urea
Loamy,7.55,53.53,98,64,44,29.37,71.1,1611.77,Wheat,SSP
Sandy,7.63,56.6,138,49,67,20.53,36.05,2514.51,Wheat,Zinc Sulphate
Loamy,8.44,36.59,103,54,54,25.08,37.27,1244.29,Wheat,Zinc Sulphate
Loamy,8.32,52.26,63,67,56,14.06,65.87,543.75,Wheat,Zinc Sulphate
Sandy,6.4,43.74,90,43,32,19.35,44.44,771.96,Wheat,MOP
Clay,6.08,28.44,38,62,106,37.02,87.48,779.45,Wheat,Urea
Clay,7.7,58.36,118,52,44,15.19,61.21,2911.45,Wheat,Urea
Clay,5.09,36.56,104,78,37,17.45,49.41,1173.76,Wheat,MOP
Silt,7.78,17.43,69,54,26,39.2,43.13,828.82,Wheat,MOP
Silt,8.03,22.57,131,44,96,20.43,36.2,2707.08,Wheat,Zinc Sulphate
Loamy,6.85,12.92,47,60,94,16.44,35.69,1369.3,Wheat,Urea
Silt,5.01,17.39,51,77,37,37.84,69.98,1069.7,Wheat,Urea
Silt,6.13,33.41,156,50,88,23.76,75.95,1068.16,Wheat,MOP
Sandy,5.48,10.73,81,59,42,36.06,70.94,2692.46,Wheat,Compost
Loamy,6.73,10.49,69,73,44,14.58,59.1,1438.51,Wheat,NPK
Clay,7.59,22.47,124,11,118,29.23,75.31,1078.41,Wheat,DAP
Sandy,7.08,42.88,150,67,36,24.12,51.48,1752.05,Wheat,MOP
Loamy,5.57,32.2,111,33,37,18.48,40.99,2340.04,Wheat,DAP
Clay,5.21,55.89,157,16,11,34.57,66.79,1478.91,Wheat,DAP
Sandy,6.51,12.01,70,66,118,20.7,51.75,2312.29,Wheat,Zinc Sulphate
Loamy,5.35,10.35,101,32,87,17.21,76.79,2671.36,Wheat,DAP
Silt,4.93,55.07,109,83,57,39.46,84.2,1871.97,Wheat,Compost
Clay,6.6,27.08,21,61,15,10.94,69.04,2577.23,Wheat,Urea
Silt,7.39,43.23,36,65,42,23.33,38.4,2512.91,Wheat,Urea
Sandy,4.62,16.85,29,78,76,23.65,79.37,2737.94,Wheat,Urea
Loamy,5.5,18.24,85,31,50,32.51,39.38,2112.68,Wheat,DAP
Loamy,8.06,57.45,95,83,53,31.54,35.29,2089.38,Wheat,Zinc Sulphate
Sandy,5.28,56.09,24,75,82,12.68,78.78,800.1,Wheat,Urea
Sandy,6.28,57.64,25,81,106,31.79,54.24,2576.25,Wheat,Urea
Sandy,4.83,14.65,138,20,24,34.2,78.69,2382.79,Wheat,DAP
Clay,6.86,53.75,114,19,78,12.96,57.79,723.48,Wheat,DAP
Loamy,8.09,18.03,98,24,115,21.48,62.96,2204.58,Wheat,DAP
Clay,6.42,56.18,145,38,36,29.81,31.92,524.55,Wheat,DAP
Clay,5.63,52.17,107,65,49,20.52,64.42,1442.63,Wheat,NPK
Loamy,5.01,38.78,78,84,102,38.27,41.22,862.35,Wheat,Compost
Silt,7.26,40.38,78,38,74,21.58,67.19,2512.0,Wheat,DAP
Clay,5.79,28.96,156,19,68,32.82,89.33,1978.34,Wheat,DAP
Sandy,6.24,24.25,147,49,107,15.46,74.28,1670.9,Wheat,Zinc Sulphate
Clay,7.99,54.82,27,29,113,32.37,85.96,927.18,Wheat,Urea
Loamy,5.39,20.72,123,48,71,11.13,76.3,2545.57,Wheat,Compost
Loamy,5.11,31.32,148,43,27,38.62,53.91,2129.56,Wheat,MOP
Loamy,6.19,18.97,88,11,90,38.91,37.55,2351.42,Wheat,DAP
Clay,7.91,57.7,64,35,52,35.81,42.49,2535.45,Wheat,DAP
Sandy,6.79,53.42,41,86,23,34.01,83.3,502.1,Wheat,Urea
Sandy,6.88,46.81,100,61,62,32.43,33.18,2013.67,Wheat,NPK
Loamy,4.7,49.98,149,51,105,13.47,30.5,485.01,Wheat,Compost
Sandy,5.85,39.58,127,69,35,17.98,73.47,1465.82,Wheat,MOP
Loamy,4.57,24.03,30,22,45,30.15,73.47,1526.63,Wheat,Urea
Sandy,6.88,36.98,65,77,17,25.31,61.81,2973.58,Wheat,MOP
Silt,7.43,48.5,37,42,107,10.27,68.08,2794.43,Wheat,Urea
Clay,8.46,10.53,57,48,61,26.73,75.98,1409.24,Wheat,Urea
Clay,6.68,31.91,101,27,118,16.44,67.81,2132.91,Wheat,DAP
Sandy,6.99,56.92,111,39,14,36.98,75.45,748.2,Wheat,DAP
Sandy,7.02,35.76,28,82,87,36.6,56.44,806.58,Wheat,Urea
Silt,7.86,15.04,98,77,17,38.06,38.39,418.05,Wheat,MOP
Sandy,5.32,11.66,24,67,48,10.36,81.72,432.77,Wheat,Urea
Sandy,5.74,11.32,144,85,46,18.47,61.54,2494.99,Wheat,NPK
Sandy,5.07,30.41,151,36,111,32.78,30.23,370.46,Wheat,DAP
Clay,6.32,13.9,81,34,113,38.89,46.21,1689.24,Wheat,DAP
Clay,5.35,54.72,145,88,12,29.94,37.32,648.07,Wheat,MOP
Clay,7.83,13.19,115,60,98,23.96,62.5,2493.64,Wheat,Zinc Sulphate
Sandy,5.6,11.72,83,46,62,30.62,85.73,2551.14,Wheat,Compost
Clay,6.27,48.77,96,83,44,19.06,76.57,2625.17,Wheat,Urea
Clay,6.9,32.26,82,77,99,22.44,45.49,2258.48,Wheat,DAP
Silt,4.68,42.42,53,60,63,18.31,54.35,2403.08,Wheat,Urea
Silt,7.02,45.61,60,83,33,12.13,67.4,2500.6,Wheat,MOP
Loamy,5.0,12.18,128,60,46,16.38,79.81,726.02,Wheat,Compost
Loamy,7.2,23.27,116,44,54,37.88,43.51,1075.63,Wheat,SSP
Sandy,8.34,19.71,64,21,61,27.56,44.45,1338.85,Wheat,DAP
Clay,4.72,24.44,49,67,66,25.98,87.99,1680.11,Wheat,Urea
Loamy,5.43,41.32,98,75,118,35.23,42.59,800.82,Wheat,Compost
Clay,7.63,45.43,61,70,56,30.8,35.85,1350.21,Wheat,NPK
Silt,6.95,30.02,41,22,73,19.52,83.09,1612.21,Wheat,Urea
Silt,4.59,21.36,142,19,62,31.64,34.58,1307.47,Wheat,DAP
Sandy,5.63,22.62,113,80,25,36.92,74.56,1994.02,Wheat,MOP
Sandy,7.0,30.35,57,67,49,22.01,81.09,1996.6,Wheat,Urea
Sandy,7.06,47.52,139,76,34,11.35,38.27,1215.41,Wheat,MOP
Sandy,7.27,55.56,55,70,54,37.03,73.71,649.23,Wheat,Urea
Clay,6.3,33.29,44,24,25,31.16,58.78,650.28,Wheat,Urea
Silt,4.52,14.31,106,23,73,21.61,47.79,1307.06,Wheat,DAP
Sandy,8.34,54.7,139,68,43,16.91,62.44,1608.17,Wheat,Zinc Sulphate
Loamy,8.28,19.16,61,27,54,36.4,42.48,243.16,Wheat,DAP
Sandy,7.12,56.87,131,50,98,36.75,80.38,929.7,Wheat,DAP
Sandy,6.42,29.26,63,50,64,27.75,33.47,1839.2,Wheat,MOP
Silt,5.0,23.61,75,71,68,10.25,55.97,2644.31,Wheat,Compost
Loamy,5.79,55.08,23,67,23,25.11,65.7,1031.04,Wheat,Urea
Sandy,6.32,46.28,39,66,70,12.16,65.91,2710.85,Wheat,Urea
Clay,4.63,55.62,43,78,13,15.41,62.18,803.0,Wheat,Urea
Clay,4.54,14.22,53,42,13,24.2,43.92,823.33,Wheat,Urea
Sandy,8.06,13.87,65,30,28,25.75,79.12,2262.47,Wheat,DAP
Loamy,5.03,57.93,148,74,91,19.63,37.77,1462.33,Wheat,Compost
Silt,6.92,12.37,67,69,15,30.29,77.32,1983.45,Wheat,MOP
Clay,7.51,49.42,78,45,51,18.95,65.7,413.65,Wheat,Urea
Loamy,7.87,23.49,21,22,18,23.51,69.97,545.8,Wheat,Urea
Sandy,8.29,47.19,127,53,38,19.88,53.77,1259.25,Wheat,MOP
Loamy,8.32,16.01,152,63,21,24.46,30.77,2536.17,Wheat,MOP
Silt,6.1,21.99,52,52,40,28.11,48.89,2219.93,Wheat,Urea
Sandy,6.81,20.69,125,87,22,11.59,69.78,1523.78,Wheat,MOP
Silt,6.62,50.78,107,31,54,37.95,77.61,2308.45,Wheat,DAP
Clay,7.21,25.08,143,26,49,16.42,57.36,2347.71,Wheat,DAP
Clay,6.73,13.11,21,35,111,29.12,41.97,1378.56,Wheat,Urea
Clay,5.27,13.36,130,28,73,26.22,89.85,1734.7,Wheat,DAP
Silt,5.77,38.03,79,41,51,27.21,83.96,256.2,Wheat,Urea
Sandy,6.32,27.47,50,32,45,24.27,34.43,2716.62,Wheat,Urea
Sandy,6.68,16.82,146,50,115,33.15,58.46,290.26,Wheat,Urea
Silt,5.78,40.39,63,38,116,31.92,49.75,311.71,Wheat,DAP
Sandy,6.1,42.84,118,78,107,18.05,42.61,617.24,Wheat,Compost
Loamy,6.47,46.35,54,14,101,19.75,39.23,1053.26,Wheat,Urea
Clay,4.9,33.72,22,76,14,16.72,72.15,970.47,Wheat,Urea
Loamy,5.56,49.93,135,85,64,20.64,58.69,691.77,Wheat,NPK
Loamy,4.78,38.04,50,44,78,10.44,43.27,1414.73,Wheat,Urea
Clay,6.92,19.86,90,66,41,36.1,51.23,1314.3,Wheat,Urea
Silt,4.86,15.41,86,78,92,22.3,32.96,2216.26,Wheat,Compost
Clay,5.96,36.6,58,50,52,34.06,45.93,1438.59,Wheat,Urea
Loamy,7.96,11.04,86,80,80,32.33,73.08,2469.05,Wheat,Zinc Sulphate
Silt,8.11,27.32,47,73,59,12.85,81.7,1178.17,Wheat,Urea
Clay,7.01,17.6,114,86,107,34.68,82.93,460.45,Wheat,NPK
Loamy,6.47,29.1,110,51,55,17.96,81.95,1410.76,Wheat,NPK
Sandy,5.97,34.22,92,27,16,39.14,77.3,1395.86,Wheat,DAP
Silt,6.65,38.45,73,70,77,14.07,31.82,2113.84,Wheat,Zinc Sulphate
Clay,5.35,33.97,144,61,71,15.56,59.85,2877.93,Wheat,Compost
Sandy,4.9,45.77,74,23,89,19.9,52.9,2208.78,Wheat,DAP
Loamy,4.57,58.71,25,20,76,31.6,40.83,1540.2,Wheat,Urea
Silt,4.71,57.06,112,32,28,30.83,31.99,368.83,Wheat,DAP
Sandy,6.54,20.51,147,89,35,28.64,86.9,1638.03,Wheat,MOP
Sandy,7.44,25.64,72,73,89,35.85,51.39,1180.2,Wheat,Urea
Loamy,7.67,18.06,31,84,60,31.87,69.78,535.98,Wheat,Urea
Sandy,4.72,33.3,77,44,107,19.63,73.09,716.35,Wheat,Compost
Clay,7.28,12.01,49,13,40,28.4,78.25,1633.91,Wheat,Urea
Loamy,7.86,43.18,144,21,84,33.54,49.3,1538.29,Wheat,DAP
Silt,5.04,54.82,158,86,118,29.41,71.72,967.9,Wheat,Compost
Silt,6.93,18.64,119,34,69,38.29,81.2,1579.34,Wheat,DAP
Clay,8.33,53.72,119,34,23,25.54,72.53,711.52,Wheat,DAP
Loamy,6.71,40.68,141,54,34,11.9,39.29,2262.03,Wheat,MOP
Loamy,8.22,57.96,131,17,75,18.71,66.89,2706.83,Wheat,DAP
Sandy,5.13,53.75,124,25,117,29.61,41.18,1348.89,Wheat,DAP
Silt,8.07,41.13,67,14,99,22.58,75.31,581.66,Wheat,DAP
Loamy,7.0,21.72,119,61,34,28.84,30.21,2267.53,Wheat,MOP
Clay,6.61,24.11,132,17,101,33.27,30.09,2276.75,Wheat,DAP
Silt,6.71,58.72,119,51,102,13.79,74.61,2901.33,Wheat,SSP
Loamy,6.24,44.63,25,54,29,29.61,44.06,2968.64,Wheat,Urea
Clay,7.5,41.19,126,46,28,33.89,45.17,1711.63,Wheat,MOP
Clay,5.87,38.47,102,26,75,20.85,79.05,2240.51,Wheat,DAP
Loamy,7.56,36.29,141,13,39,19.45,67.45,2784.85,Wheat,DAP
Loamy,6.45,27.54,85,86,90,28.88,83.7,1396.08,Wheat,MOP
Silt,8.19,44.15,99,69,45,20.24,44.8,2667.57,Wheat,Zinc Sulphate
Loamy,6.83,57.52,49,58,15,24.88,85.89,822.62,Wheat,Urea
Sandy,6.91,25.14,68,50,76,19.79,71.73,1716.61,Wheat,MOP
Silt,6.09,28.45,69,46,17,11.89,75.88,1465.55,Wheat,MOP
Sandy,6.32,18.29,154,18,28,10.94,68.28,2861.4,Wheat,DAP
Sandy,7.99,40.45,133,45,19,17.08,74.92,1969.6,Wheat,MOP
Silt,5.1,46.95,28,39,78,22.25,80.18,781.42,Wheat,Urea
Clay,6.57,58.03,51,88,72,35.12,46.27,714.04,Wheat,Urea
Loamy,6.95,43.51,65,41,37,16.41,47.2,2570.46,Wheat,MOP
Clay,4.88,24.57,126,86,46,19.77,49.14,1296.27,Wheat,Compost
Silt,8.2,24.09,46,65,14,30.16,70.99,2275.53,Wheat,Urea
Clay,5.02,57.71,147,62,111,31.76,47.42,1772.48,Wheat,Compost
Loamy,5.15,18.8,38,21,36,17.73,81.33,694.46,Wheat,Urea
Sandy,5.89,56.58,56,77,57,18.85,72.08,2147.41,Wheat,Urea
Loamy,5.28,45.72,110,37,57,20.39,60.28,1652.89,Wheat,DAP
Sandy,7.55,46.43,35,12,40,32.73,84.74,1834.68,Wheat,Urea
Clay,5.87,15.31,50,41,42,26.24,38.52,2939.39,Wheat,Urea
Loamy,6.39,26.81,119,50,72,21.8,67.2,2812.12,Wheat,Urea
Loamy,5.81,22.38,20,20,53,23.42,60.59,850.89,Wheat,Urea
Silt,5.07,33.65,43,45,103,33.31,63.83,2885.11,Wheat,Urea
Clay,6.59,31.55,134,79,109,19.03,87.43,2150.12,Wheat,NPK
Clay,4.78,49.15,101,45,54,10.16,65.17,1571.68,Wheat,Compost
Sandy,7.21,39.78,152,35,14,32.76,61.18,1405.54,Wheat,DAP
Sandy,7.54,48.31,143,63,65,14.45,62.74,295.68,Wheat,NPK
Silt,7.6,32.0,90,45,28,23.73,66.7,1138.29,Wheat,MOP
Silt,5.02,29.74,154,79,63,21.63,71.46,2970.19,Wheat,Compost
Silt,8.41,11.18,148,19,74,21.66,64.95,933.57,Wheat,DAP
Sandy,6.4,53.95,77,54,45,25.27,70.04,468.21,Wheat,NPK
Clay,6.48,20.67,110,52,40,38.13,54.75,1286.44,Wheat,DAP
Silt,8.15,13.17,103,76,51,14.46,69.48,519.14,Wheat,Zinc Sulphate
Loamy,7.41,46.38,48,78,53,17.43,31.66,2850.33,Wheat,Urea
Clay,5.38,47.29,61,81,11,30.38,70.88,2721.35,Wheat,MOP
Silt,6.12,57.42,76,38,11,36.77,53.14,2192.46,Wheat,DAP
Loamy,5.56,46.61,143,11,91,38.86,43.49,1132.47,Wheat,DAP
Loamy,5.03,56.16,148,81,63,19.36,61.71,565.25,Wheat,Compost
Clay,8.25,19.13,74,47,117,28.96,78.21,730.94,Wheat,Zinc Sulphate
Sandy,8.15,22.53,145,76,61,14.39,68.75,1143.63,Wheat,Zinc Sulphate
Sandy,6.02,40.9,155,55,14,12.45,78.32,2010.06,Wheat,MOP
Clay,6.98,10.8,43,70,36,27.75,64.41,1474.13,Wheat,Urea
Sandy,7.19,18.25,152,35,116,23.12,74.36,342.19,Wheat,DAP
Clay,5.58,41.57,79,21,21,35.98,54.98,236.07,Wheat,DAP
Silt,5.53,32.7,45,32,94,11.65,51.64,1321.38,Wheat,Urea
Clay,5.39,39.75,113,74,112,13.85,84.66,612.25,Wheat,Compost
Loamy,7.26,52.29,135,84,17,37.5,59.26,744.94,Wheat,MOP
Clay,6.42,11.67,137,24,26,26.36,49.1,1545.73,Wheat,DAP
Silt,6.43,49.8,112,72,32,29.16,89.94,1309.35,Wheat,MOP
Clay,8.46,47.3,25,80,16,17.59,49.73,2527.13,Wheat,Urea
Sandy,4.76,10.06,70,88,91,30.47,71.46,1385.07,Wheat,Compost
Silt,5.48,32.77,131,15,112,21.03,52.54,2014.05,Wheat,DAP
Loamy,7.82,55.87,121,22,95,34.4,66.8,786.17,Wheat,DAP
Sandy,6.05,48.98,109,72,113,12.16,50.85,1145.58,Wheat,Urea
Silt,7.33,57.39,151,34,64,17.95,78.15,994.64,Wheat,DAP
Silt,7.81,22.96,118,42,74,16.99,69.74,2637.96,Wheat,Zinc Sulphate
Clay,7.05,36.33,137,71,15,10.94,51.35,631.32,Wheat,MOP
Sandy,6.19,57.32,114,81,38,24.01,66.58,1425.63,Wheat,MOP
Silt,6.33,21.63,120,45,116,26.76,40.56,2361.71,Wheat,NPK
Sandy,6.48,52.27,30,11,25,11.63,45.07,1481.93,Wheat,Urea
Silt,6.92,39.75,66,52,44,32.26,51.01,1494.3,Wheat,NPK
Clay,8.07,55.2,123,44,101,17.36,85.67,437.24,Wheat,Zinc Sulphate
Sandy,5.18,56.12,56,36,92,10.16,60.45,859.06,Wheat,Urea
Sandy,7.99,45.96,53,56,35,21.06,55.88,1998.79,Wheat,Urea
Sandy,5.98,27.2,145,25,86,23.06,36.15,1400.59,Wheat,DAP
Loamy,6.78,55.06,156,14,13,26.0,78.73,324.42,Wheat,DAP
Silt,7.53,12.42,30,56,99,37.69,41.91,2419.98,Wheat,Urea
Loamy,4.66,22.29,98,33,21,28.33,51.46,2931.72,Wheat,DAP
Loamy,6.26,56.34,67,16,52,31.34,83.58,2799.97,Wheat,DAP
Loamy,7.27,52.3,108,39,104,31.39,89.56,980.26,Wheat,DAP
Sandy,5.01,26.9,81,82,16,10.33,81.83,2499.23,Wheat,MOP
Clay,8.09,57.36,142,89,63,30.44,66.83,1158.09,Wheat,Zinc Sulphate
Silt,4.79,32.88,119,57,18,27.51,30.26,299.11,Wheat,MOP
Loamy,4.51,48.17,44,34,85,38.7,42.17,474.05,Wheat,Urea
Clay,5.71,48.86,20,85,105,34.58,54.55,1884.73,Wheat,Urea
Loamy,6.56,13.92,140,13,21,12.22,68.25,1439.58,Wheat,DAP
Clay,5.84,27.87,26,63,89,26.93,38.47,1677.93,Wheat,Urea
Clay,7.51,44.17,140,42,88,12.44,35.19,2445.83,Wheat,SSP
Loamy,6.47,50.88,88,80,92,24.9,48.18,1538.49,Wheat,NPK
Loamy,7.71,39.03,52,62,11,14.04,52.14,1629.25,Wheat,Urea
Sandy,5.3,22.2,129,11,90,34.96,49.59,2371.06,Wheat,DAP
Loamy,7.14,25.65,138,62,44,14.87,31.1,2903.62,Wheat,NPK
Loamy,5.24,13.32,88,10,63,29.4,73.32,1018.85,Wheat,DAP
Clay,6.31,26.4,133,64,45,35.61,51.2,2512.9,Wheat,NPK
Sandy,6.34,45.12,20,38,67,32.3,69.83,1935.32,Wheat,Urea
Sandy,7.06,29.78,99,14,60,11.34,30.08,2309.42,Wheat,DAP
Sandy,5.95,23.61,22,44,33,22.52,82.98,2359.7,Wheat,Urea
Silt,7.47,43.61,139,12,68,11.45,62.97,2967.45,Wheat,DAP
Loamy,7.97,31.93,73,10,102,23.16,74.31,1288.54,Wheat,DAP
Loamy,5.48,27.64,124,42,15,27.31,89.89,2649.2,Wheat,MOP
Loamy,4.63,31.96,112,61,28,27.61,89.47,1871.27,Wheat,MOP
Clay,5.81,22.43,67,63,108,12.92,39.95,2533.77,Wheat,NPK
Sandy,5.45,39.46,85,58,57,19.02,32.58,1632.26,Wheat,Compost
Clay,7.83,50.9,67,36,55,34.74,68.5,1522.76,Wheat,DAP
Sandy,5.64,40.67,137,34,29,13.44,51.3,1500.98,Wheat,DAP
Silt,6.92,14.18,87,86,112,21.29,89.08,639.16,Wheat,NPK
Loamy,6.08,43.28,123,79,98,25.71,40.32,501.88,Wheat,NPK
Silt,5.1,57.41,129,54,29,28.44,67.15,621.83,Wheat,MOP
Silt,4.59,21.99,125,10,103,21.07,49.13,597.41,Wheat,DAP
Loamy,8.42,40.84,105,41,67,12.26,76.44,1490.14,Wheat,Zinc Sulphate
Silt,8.22,52.63,51,54,40,12.48,78.31,1227.4,Wheat,Urea
Clay,5.65,24.86,27,87,46,20.22,38.93,2948.66,Wheat,Urea
Clay,6.14,36.91,105,83,61,14.41,82.78,2609.38,Wheat,NPK
Silt,5.64,35.29,107,16,69,29.83,83.38,1544.27,Wheat,DAP
Loamy,6.64,59.63,142,82,26,29.49,51.87,304.14,Wheat,MOP
Loamy,5.01,45.38,53,87,58,22.43,57.4,1807.35,Wheat,Urea
Sandy,6.05,33.69,140,27,61,31.48,67.14,1222.17,Wheat,DAP
Silt,5.8,19.26,42,53,102,22.06,85.31,896.86,Wheat,Urea
Clay,6.61,32.86,90,45,42,18.78,66.93,966.77,Wheat,Compost
Clay,8.15,34.55,53,83,29,39.64,38.07,1427.05,Wheat,Urea
Sandy,5.79,52.4,125,62,71,39.53,40.73,2912.23,Wheat,SSP
Sandy,6.86,26.54,92,18,83,16.84,84.32,603.85,Wheat,DAP
Silt,5.26,14.29,136,12,116,14.25,55.85,610.1,Wheat,DAP
Sandy,4.95,26.97,39,36,18,33.91,38.7,1380.99,Wheat,Urea
Sandy,4.63,40.43,77,31,51,10.47,81.23,2307.8,Wheat,DAP
Silt,5.88,41.92,94,49,46,29.7,65.43,1759.33,Wheat,Compost
Silt,4.92,51.06,158,79,48,38.02,45.25,886.12,Wheat,Compost
Silt,6.74,17.27,92,42,52,13.44,88.08,1009.36,Wheat,Urea
Silt,8.2,25.0,101,21,97,13.08,30.03,562.95,Wheat,DAP
